insIndex,ffc_ddw_sum_et_filename,hybridflowshop_filename
0000,"Instance_50_5_3_0,2_0,2_10_Rep0.txt",1.txt
0001,"Instance_50_5_3_0,2_0,2_10_Rep1.txt",2.txt
0002,"Instance_50_5_3_0,2_0,2_10_Rep2.txt",3.txt
0003,"Instance_50_5_3_0,2_0,2_10_Rep3.txt",4.txt
0004,"Instance_50_5_3_0,2_0,2_10_Rep4.txt",5.txt
0005,"Instance_50_5_3_0,2_0,2_20_Rep0.txt",6.txt
0006,"Instance_50_5_3_0,2_0,2_20_Rep1.txt",7.txt
0007,"Instance_50_5_3_0,2_0,2_20_Rep2.txt",8.txt
0008,"Instance_50_5_3_0,2_0,2_20_Rep3.txt",9.txt
0009,"Instance_50_5_3_0,2_0,2_20_Rep4.txt",10.txt
0010,"Instance_50_5_3_0,2_0,6_10_Rep0.txt",11.txt
0011,"Instance_50_5_3_0,2_0,6_10_Rep1.txt",12.txt
0012,"Instance_50_5_3_0,2_0,6_10_Rep2.txt",13.txt
0013,"Instance_50_5_3_0,2_0,6_10_Rep3.txt",14.txt
0014,"Instance_50_5_3_0,2_0,6_10_Rep4.txt",15.txt
0015,"Instance_50_5_3_0,2_0,6_20_Rep0.txt",16.txt
0016,"Instance_50_5_3_0,2_0,6_20_Rep1.txt",17.txt
0017,"Instance_50_5_3_0,2_0,6_20_Rep2.txt",18.txt
0018,"Instance_50_5_3_0,2_0,6_20_Rep3.txt",19.txt
0019,"Instance_50_5_3_0,2_0,6_20_Rep4.txt",20.txt
0020,"Instance_50_5_3_0,2_1_10_Rep0.txt",21.txt
0021,"Instance_50_5_3_0,2_1_10_Rep1.txt",22.txt
0022,"Instance_50_5_3_0,2_1_10_Rep2.txt",23.txt
0023,"Instance_50_5_3_0,2_1_10_Rep3.txt",24.txt
0024,"Instance_50_5_3_0,2_1_10_Rep4.txt",25.txt
0025,"Instance_50_5_3_0,2_1_20_Rep0.txt",26.txt
0026,"Instance_50_5_3_0,2_1_20_Rep1.txt",27.txt
0027,"Instance_50_5_3_0,2_1_20_Rep2.txt",28.txt
0028,"Instance_50_5_3_0,2_1_20_Rep3.txt",29.txt
0029,"Instance_50_5_3_0,2_1_20_Rep4.txt",30.txt
0030,"Instance_50_5_3_0,4_0,2_10_Rep0.txt",31.txt
0031,"Instance_50_5_3_0,4_0,2_10_Rep1.txt",32.txt
0032,"Instance_50_5_3_0,4_0,2_10_Rep2.txt",33.txt
0033,"Instance_50_5_3_0,4_0,2_10_Rep3.txt",34.txt
0034,"Instance_50_5_3_0,4_0,2_10_Rep4.txt",35.txt
0035,"Instance_50_5_3_0,4_0,2_20_Rep0.txt",36.txt
0036,"Instance_50_5_3_0,4_0,2_20_Rep1.txt",37.txt
0037,"Instance_50_5_3_0,4_0,2_20_Rep2.txt",38.txt
0038,"Instance_50_5_3_0,4_0,2_20_Rep3.txt",39.txt
0039,"Instance_50_5_3_0,4_0,2_20_Rep4.txt",40.txt
0040,"Instance_50_5_3_0,4_0,6_10_Rep0.txt",41.txt
0041,"Instance_50_5_3_0,4_0,6_10_Rep1.txt",42.txt
0042,"Instance_50_5_3_0,4_0,6_10_Rep2.txt",43.txt
0043,"Instance_50_5_3_0,4_0,6_10_Rep3.txt",44.txt
0044,"Instance_50_5_3_0,4_0,6_10_Rep4.txt",45.txt
0045,"Instance_50_5_3_0,4_0,6_20_Rep0.txt",46.txt
0046,"Instance_50_5_3_0,4_0,6_20_Rep1.txt",47.txt
0047,"Instance_50_5_3_0,4_0,6_20_Rep2.txt",48.txt
0048,"Instance_50_5_3_0,4_0,6_20_Rep3.txt",49.txt
0049,"Instance_50_5_3_0,4_0,6_20_Rep4.txt",50.txt
0050,"Instance_50_5_3_0,4_1_10_Rep0.txt",51.txt
0051,"Instance_50_5_3_0,4_1_10_Rep1.txt",52.txt
0052,"Instance_50_5_3_0,4_1_10_Rep2.txt",53.txt
0053,"Instance_50_5_3_0,4_1_10_Rep3.txt",54.txt
0054,"Instance_50_5_3_0,4_1_10_Rep4.txt",55.txt
0055,"Instance_50_5_3_0,4_1_20_Rep0.txt",56.txt
0056,"Instance_50_5_3_0,4_1_20_Rep1.txt",57.txt
0057,"Instance_50_5_3_0,4_1_20_Rep2.txt",58.txt
0058,"Instance_50_5_3_0,4_1_20_Rep3.txt",59.txt
0059,"Instance_50_5_3_0,4_1_20_Rep4.txt",60.txt
0060,"Instance_50_5_3_0,6_0,2_10_Rep0.txt",61.txt
0061,"Instance_50_5_3_0,6_0,2_10_Rep1.txt",62.txt
0062,"Instance_50_5_3_0,6_0,2_10_Rep2.txt",63.txt
0063,"Instance_50_5_3_0,6_0,2_10_Rep3.txt",64.txt
0064,"Instance_50_5_3_0,6_0,2_10_Rep4.txt",65.txt
0065,"Instance_50_5_3_0,6_0,2_20_Rep0.txt",66.txt
0066,"Instance_50_5_3_0,6_0,2_20_Rep1.txt",67.txt
0067,"Instance_50_5_3_0,6_0,2_20_Rep2.txt",68.txt
0068,"Instance_50_5_3_0,6_0,2_20_Rep3.txt",69.txt
0069,"Instance_50_5_3_0,6_0,2_20_Rep4.txt",70.txt
0070,"Instance_50_5_3_0,6_0,6_10_Rep0.txt",71.txt
0071,"Instance_50_5_3_0,6_0,6_10_Rep1.txt",72.txt
0072,"Instance_50_5_3_0,6_0,6_10_Rep2.txt",73.txt
0073,"Instance_50_5_3_0,6_0,6_10_Rep3.txt",74.txt
0074,"Instance_50_5_3_0,6_0,6_10_Rep4.txt",75.txt
0075,"Instance_50_5_3_0,6_0,6_20_Rep0.txt",76.txt
0076,"Instance_50_5_3_0,6_0,6_20_Rep1.txt",77.txt
0077,"Instance_50_5_3_0,6_0,6_20_Rep2.txt",78.txt
0078,"Instance_50_5_3_0,6_0,6_20_Rep3.txt",79.txt
0079,"Instance_50_5_3_0,6_0,6_20_Rep4.txt",80.txt
0080,"Instance_50_5_3_0,6_1_10_Rep0.txt",81.txt
0081,"Instance_50_5_3_0,6_1_10_Rep1.txt",82.txt
0082,"Instance_50_5_3_0,6_1_10_Rep2.txt",83.txt
0083,"Instance_50_5_3_0,6_1_10_Rep3.txt",84.txt
0084,"Instance_50_5_3_0,6_1_10_Rep4.txt",85.txt
0085,"Instance_50_5_3_0,6_1_20_Rep0.txt",86.txt
0086,"Instance_50_5_3_0,6_1_20_Rep1.txt",87.txt
0087,"Instance_50_5_3_0,6_1_20_Rep2.txt",88.txt
0088,"Instance_50_5_3_0,6_1_20_Rep3.txt",89.txt
0089,"Instance_50_5_3_0,6_1_20_Rep4.txt",90.txt
0090,"Instance_50_5_5_0,2_0,2_10_Rep0.txt",91.txt
0091,"Instance_50_5_5_0,2_0,2_10_Rep1.txt",92.txt
0092,"Instance_50_5_5_0,2_0,2_10_Rep2.txt",93.txt
0093,"Instance_50_5_5_0,2_0,2_10_Rep3.txt",94.txt
0094,"Instance_50_5_5_0,2_0,2_10_Rep4.txt",95.txt
0095,"Instance_50_5_5_0,2_0,2_20_Rep0.txt",96.txt
0096,"Instance_50_5_5_0,2_0,2_20_Rep1.txt",97.txt
0097,"Instance_50_5_5_0,2_0,2_20_Rep2.txt",98.txt
0098,"Instance_50_5_5_0,2_0,2_20_Rep3.txt",99.txt
0099,"Instance_50_5_5_0,2_0,2_20_Rep4.txt",100.txt
0100,"Instance_50_5_5_0,2_0,6_10_Rep0.txt",101.txt
0101,"Instance_50_5_5_0,2_0,6_10_Rep1.txt",102.txt
0102,"Instance_50_5_5_0,2_0,6_10_Rep2.txt",103.txt
0103,"Instance_50_5_5_0,2_0,6_10_Rep3.txt",104.txt
0104,"Instance_50_5_5_0,2_0,6_10_Rep4.txt",105.txt
0105,"Instance_50_5_5_0,2_0,6_20_Rep0.txt",106.txt
0106,"Instance_50_5_5_0,2_0,6_20_Rep1.txt",107.txt
0107,"Instance_50_5_5_0,2_0,6_20_Rep2.txt",108.txt
0108,"Instance_50_5_5_0,2_0,6_20_Rep3.txt",109.txt
0109,"Instance_50_5_5_0,2_0,6_20_Rep4.txt",110.txt
0110,"Instance_50_5_5_0,2_1_10_Rep0.txt",111.txt
0111,"Instance_50_5_5_0,2_1_10_Rep1.txt",112.txt
0112,"Instance_50_5_5_0,2_1_10_Rep2.txt",113.txt
0113,"Instance_50_5_5_0,2_1_10_Rep3.txt",114.txt
0114,"Instance_50_5_5_0,2_1_10_Rep4.txt",115.txt
0115,"Instance_50_5_5_0,2_1_20_Rep0.txt",116.txt
0116,"Instance_50_5_5_0,2_1_20_Rep1.txt",117.txt
0117,"Instance_50_5_5_0,2_1_20_Rep2.txt",118.txt
0118,"Instance_50_5_5_0,2_1_20_Rep3.txt",119.txt
0119,"Instance_50_5_5_0,2_1_20_Rep4.txt",120.txt
0120,"Instance_50_5_5_0,4_0,2_10_Rep0.txt",121.txt
0121,"Instance_50_5_5_0,4_0,2_10_Rep1.txt",122.txt
0122,"Instance_50_5_5_0,4_0,2_10_Rep2.txt",123.txt
0123,"Instance_50_5_5_0,4_0,2_10_Rep3.txt",124.txt
0124,"Instance_50_5_5_0,4_0,2_10_Rep4.txt",125.txt
0125,"Instance_50_5_5_0,4_0,2_20_Rep0.txt",126.txt
0126,"Instance_50_5_5_0,4_0,2_20_Rep1.txt",127.txt
0127,"Instance_50_5_5_0,4_0,2_20_Rep2.txt",128.txt
0128,"Instance_50_5_5_0,4_0,2_20_Rep3.txt",129.txt
0129,"Instance_50_5_5_0,4_0,2_20_Rep4.txt",130.txt
0130,"Instance_50_5_5_0,4_0,6_10_Rep0.txt",131.txt
0131,"Instance_50_5_5_0,4_0,6_10_Rep1.txt",132.txt
0132,"Instance_50_5_5_0,4_0,6_10_Rep2.txt",133.txt
0133,"Instance_50_5_5_0,4_0,6_10_Rep3.txt",134.txt
0134,"Instance_50_5_5_0,4_0,6_10_Rep4.txt",135.txt
0135,"Instance_50_5_5_0,4_0,6_20_Rep0.txt",136.txt
0136,"Instance_50_5_5_0,4_0,6_20_Rep1.txt",137.txt
0137,"Instance_50_5_5_0,4_0,6_20_Rep2.txt",138.txt
0138,"Instance_50_5_5_0,4_0,6_20_Rep3.txt",139.txt
0139,"Instance_50_5_5_0,4_0,6_20_Rep4.txt",140.txt
0140,"Instance_50_5_5_0,4_1_10_Rep0.txt",141.txt
0141,"Instance_50_5_5_0,4_1_10_Rep1.txt",142.txt
0142,"Instance_50_5_5_0,4_1_10_Rep2.txt",143.txt
0143,"Instance_50_5_5_0,4_1_10_Rep3.txt",144.txt
0144,"Instance_50_5_5_0,4_1_10_Rep4.txt",145.txt
0145,"Instance_50_5_5_0,4_1_20_Rep0.txt",146.txt
0146,"Instance_50_5_5_0,4_1_20_Rep1.txt",147.txt
0147,"Instance_50_5_5_0,4_1_20_Rep2.txt",148.txt
0148,"Instance_50_5_5_0,4_1_20_Rep3.txt",149.txt
0149,"Instance_50_5_5_0,4_1_20_Rep4.txt",150.txt
0150,"Instance_50_5_5_0,6_0,2_10_Rep0.txt",151.txt
0151,"Instance_50_5_5_0,6_0,2_10_Rep1.txt",152.txt
0152,"Instance_50_5_5_0,6_0,2_10_Rep2.txt",153.txt
0153,"Instance_50_5_5_0,6_0,2_10_Rep3.txt",154.txt
0154,"Instance_50_5_5_0,6_0,2_10_Rep4.txt",155.txt
0155,"Instance_50_5_5_0,6_0,2_20_Rep0.txt",156.txt
0156,"Instance_50_5_5_0,6_0,2_20_Rep1.txt",157.txt
0157,"Instance_50_5_5_0,6_0,2_20_Rep2.txt",158.txt
0158,"Instance_50_5_5_0,6_0,2_20_Rep3.txt",159.txt
0159,"Instance_50_5_5_0,6_0,2_20_Rep4.txt",160.txt
0160,"Instance_50_5_5_0,6_0,6_10_Rep0.txt",161.txt
0161,"Instance_50_5_5_0,6_0,6_10_Rep1.txt",162.txt
0162,"Instance_50_5_5_0,6_0,6_10_Rep2.txt",163.txt
0163,"Instance_50_5_5_0,6_0,6_10_Rep3.txt",164.txt
0164,"Instance_50_5_5_0,6_0,6_10_Rep4.txt",165.txt
0165,"Instance_50_5_5_0,6_0,6_20_Rep0.txt",166.txt
0166,"Instance_50_5_5_0,6_0,6_20_Rep1.txt",167.txt
0167,"Instance_50_5_5_0,6_0,6_20_Rep2.txt",168.txt
0168,"Instance_50_5_5_0,6_0,6_20_Rep3.txt",169.txt
0169,"Instance_50_5_5_0,6_0,6_20_Rep4.txt",170.txt
0170,"Instance_50_5_5_0,6_1_10_Rep0.txt",171.txt
0171,"Instance_50_5_5_0,6_1_10_Rep1.txt",172.txt
0172,"Instance_50_5_5_0,6_1_10_Rep2.txt",173.txt
0173,"Instance_50_5_5_0,6_1_10_Rep3.txt",174.txt
0174,"Instance_50_5_5_0,6_1_10_Rep4.txt",175.txt
0175,"Instance_50_5_5_0,6_1_20_Rep0.txt",176.txt
0176,"Instance_50_5_5_0,6_1_20_Rep1.txt",177.txt
0177,"Instance_50_5_5_0,6_1_20_Rep2.txt",178.txt
0178,"Instance_50_5_5_0,6_1_20_Rep3.txt",179.txt
0179,"Instance_50_5_5_0,6_1_20_Rep4.txt",180.txt
0180,"Instance_50_10_3_0,2_0,2_10_Rep0.txt",181.txt
0181,"Instance_50_10_3_0,2_0,2_10_Rep1.txt",182.txt
0182,"Instance_50_10_3_0,2_0,2_10_Rep2.txt",183.txt
0183,"Instance_50_10_3_0,2_0,2_10_Rep3.txt",184.txt
0184,"Instance_50_10_3_0,2_0,2_10_Rep4.txt",185.txt
0185,"Instance_50_10_3_0,2_0,2_20_Rep0.txt",186.txt
0186,"Instance_50_10_3_0,2_0,2_20_Rep1.txt",187.txt
0187,"Instance_50_10_3_0,2_0,2_20_Rep2.txt",188.txt
0188,"Instance_50_10_3_0,2_0,2_20_Rep3.txt",189.txt
0189,"Instance_50_10_3_0,2_0,2_20_Rep4.txt",190.txt
0190,"Instance_50_10_3_0,2_0,6_10_Rep0.txt",191.txt
0191,"Instance_50_10_3_0,2_0,6_10_Rep1.txt",192.txt
0192,"Instance_50_10_3_0,2_0,6_10_Rep2.txt",193.txt
0193,"Instance_50_10_3_0,2_0,6_10_Rep3.txt",194.txt
0194,"Instance_50_10_3_0,2_0,6_10_Rep4.txt",195.txt
0195,"Instance_50_10_3_0,2_0,6_20_Rep0.txt",196.txt
0196,"Instance_50_10_3_0,2_0,6_20_Rep1.txt",197.txt
0197,"Instance_50_10_3_0,2_0,6_20_Rep2.txt",198.txt
0198,"Instance_50_10_3_0,2_0,6_20_Rep3.txt",199.txt
0199,"Instance_50_10_3_0,2_0,6_20_Rep4.txt",200.txt
0200,"Instance_50_10_3_0,2_1_10_Rep0.txt",201.txt
0201,"Instance_50_10_3_0,2_1_10_Rep1.txt",202.txt
0202,"Instance_50_10_3_0,2_1_10_Rep2.txt",203.txt
0203,"Instance_50_10_3_0,2_1_10_Rep3.txt",204.txt
0204,"Instance_50_10_3_0,2_1_10_Rep4.txt",205.txt
0205,"Instance_50_10_3_0,2_1_20_Rep0.txt",206.txt
0206,"Instance_50_10_3_0,2_1_20_Rep1.txt",207.txt
0207,"Instance_50_10_3_0,2_1_20_Rep2.txt",208.txt
0208,"Instance_50_10_3_0,2_1_20_Rep3.txt",209.txt
0209,"Instance_50_10_3_0,2_1_20_Rep4.txt",210.txt
0210,"Instance_50_10_3_0,4_0,2_10_Rep0.txt",211.txt
0211,"Instance_50_10_3_0,4_0,2_10_Rep1.txt",212.txt
0212,"Instance_50_10_3_0,4_0,2_10_Rep2.txt",213.txt
0213,"Instance_50_10_3_0,4_0,2_10_Rep3.txt",214.txt
0214,"Instance_50_10_3_0,4_0,2_10_Rep4.txt",215.txt
0215,"Instance_50_10_3_0,4_0,2_20_Rep0.txt",216.txt
0216,"Instance_50_10_3_0,4_0,2_20_Rep1.txt",217.txt
0217,"Instance_50_10_3_0,4_0,2_20_Rep2.txt",218.txt
0218,"Instance_50_10_3_0,4_0,2_20_Rep3.txt",219.txt
0219,"Instance_50_10_3_0,4_0,2_20_Rep4.txt",220.txt
0220,"Instance_50_10_3_0,4_0,6_10_Rep0.txt",221.txt
0221,"Instance_50_10_3_0,4_0,6_10_Rep1.txt",222.txt
0222,"Instance_50_10_3_0,4_0,6_10_Rep2.txt",223.txt
0223,"Instance_50_10_3_0,4_0,6_10_Rep3.txt",224.txt
0224,"Instance_50_10_3_0,4_0,6_10_Rep4.txt",225.txt
0225,"Instance_50_10_3_0,4_0,6_20_Rep0.txt",226.txt
0226,"Instance_50_10_3_0,4_0,6_20_Rep1.txt",227.txt
0227,"Instance_50_10_3_0,4_0,6_20_Rep2.txt",228.txt
0228,"Instance_50_10_3_0,4_0,6_20_Rep3.txt",229.txt
0229,"Instance_50_10_3_0,4_0,6_20_Rep4.txt",230.txt
0230,"Instance_50_10_3_0,4_1_10_Rep0.txt",231.txt
0231,"Instance_50_10_3_0,4_1_10_Rep1.txt",232.txt
0232,"Instance_50_10_3_0,4_1_10_Rep2.txt",233.txt
0233,"Instance_50_10_3_0,4_1_10_Rep3.txt",234.txt
0234,"Instance_50_10_3_0,4_1_10_Rep4.txt",235.txt
0235,"Instance_50_10_3_0,4_1_20_Rep0.txt",236.txt
0236,"Instance_50_10_3_0,4_1_20_Rep1.txt",237.txt
0237,"Instance_50_10_3_0,4_1_20_Rep2.txt",238.txt
0238,"Instance_50_10_3_0,4_1_20_Rep3.txt",239.txt
0239,"Instance_50_10_3_0,4_1_20_Rep4.txt",240.txt
0240,"Instance_50_10_3_0,6_0,2_10_Rep0.txt",241.txt
0241,"Instance_50_10_3_0,6_0,2_10_Rep1.txt",242.txt
0242,"Instance_50_10_3_0,6_0,2_10_Rep2.txt",243.txt
0243,"Instance_50_10_3_0,6_0,2_10_Rep3.txt",244.txt
0244,"Instance_50_10_3_0,6_0,2_10_Rep4.txt",245.txt
0245,"Instance_50_10_3_0,6_0,2_20_Rep0.txt",246.txt
0246,"Instance_50_10_3_0,6_0,2_20_Rep1.txt",247.txt
0247,"Instance_50_10_3_0,6_0,2_20_Rep2.txt",248.txt
0248,"Instance_50_10_3_0,6_0,2_20_Rep3.txt",249.txt
0249,"Instance_50_10_3_0,6_0,2_20_Rep4.txt",250.txt
0250,"Instance_50_10_3_0,6_0,6_10_Rep0.txt",251.txt
0251,"Instance_50_10_3_0,6_0,6_10_Rep1.txt",252.txt
0252,"Instance_50_10_3_0,6_0,6_10_Rep2.txt",253.txt
0253,"Instance_50_10_3_0,6_0,6_10_Rep3.txt",254.txt
0254,"Instance_50_10_3_0,6_0,6_10_Rep4.txt",255.txt
0255,"Instance_50_10_3_0,6_0,6_20_Rep0.txt",256.txt
0256,"Instance_50_10_3_0,6_0,6_20_Rep1.txt",257.txt
0257,"Instance_50_10_3_0,6_0,6_20_Rep2.txt",258.txt
0258,"Instance_50_10_3_0,6_0,6_20_Rep3.txt",259.txt
0259,"Instance_50_10_3_0,6_0,6_20_Rep4.txt",260.txt
0260,"Instance_50_10_3_0,6_1_10_Rep0.txt",261.txt
0261,"Instance_50_10_3_0,6_1_10_Rep1.txt",262.txt
0262,"Instance_50_10_3_0,6_1_10_Rep2.txt",263.txt
0263,"Instance_50_10_3_0,6_1_10_Rep3.txt",264.txt
0264,"Instance_50_10_3_0,6_1_10_Rep4.txt",265.txt
0265,"Instance_50_10_3_0,6_1_20_Rep0.txt",266.txt
0266,"Instance_50_10_3_0,6_1_20_Rep1.txt",267.txt
0267,"Instance_50_10_3_0,6_1_20_Rep2.txt",268.txt
0268,"Instance_50_10_3_0,6_1_20_Rep3.txt",269.txt
0269,"Instance_50_10_3_0,6_1_20_Rep4.txt",270.txt
0270,"Instance_50_10_5_0,2_0,2_10_Rep0.txt",271.txt
0271,"Instance_50_10_5_0,2_0,2_10_Rep1.txt",272.txt
0272,"Instance_50_10_5_0,2_0,2_10_Rep2.txt",273.txt
0273,"Instance_50_10_5_0,2_0,2_10_Rep3.txt",274.txt
0274,"Instance_50_10_5_0,2_0,2_10_Rep4.txt",275.txt
0275,"Instance_50_10_5_0,2_0,2_20_Rep0.txt",276.txt
0276,"Instance_50_10_5_0,2_0,2_20_Rep1.txt",277.txt
0277,"Instance_50_10_5_0,2_0,2_20_Rep2.txt",278.txt
0278,"Instance_50_10_5_0,2_0,2_20_Rep3.txt",279.txt
0279,"Instance_50_10_5_0,2_0,2_20_Rep4.txt",280.txt
0280,"Instance_50_10_5_0,2_0,6_10_Rep0.txt",281.txt
0281,"Instance_50_10_5_0,2_0,6_10_Rep1.txt",282.txt
0282,"Instance_50_10_5_0,2_0,6_10_Rep2.txt",283.txt
0283,"Instance_50_10_5_0,2_0,6_10_Rep3.txt",284.txt
0284,"Instance_50_10_5_0,2_0,6_10_Rep4.txt",285.txt
0285,"Instance_50_10_5_0,2_0,6_20_Rep0.txt",286.txt
0286,"Instance_50_10_5_0,2_0,6_20_Rep1.txt",287.txt
0287,"Instance_50_10_5_0,2_0,6_20_Rep2.txt",288.txt
0288,"Instance_50_10_5_0,2_0,6_20_Rep3.txt",289.txt
0289,"Instance_50_10_5_0,2_0,6_20_Rep4.txt",290.txt
0290,"Instance_50_10_5_0,2_1_10_Rep0.txt",291.txt
0291,"Instance_50_10_5_0,2_1_10_Rep1.txt",292.txt
0292,"Instance_50_10_5_0,2_1_10_Rep2.txt",293.txt
0293,"Instance_50_10_5_0,2_1_10_Rep3.txt",294.txt
0294,"Instance_50_10_5_0,2_1_10_Rep4.txt",295.txt
0295,"Instance_50_10_5_0,2_1_20_Rep0.txt",296.txt
0296,"Instance_50_10_5_0,2_1_20_Rep1.txt",297.txt
0297,"Instance_50_10_5_0,2_1_20_Rep2.txt",298.txt
0298,"Instance_50_10_5_0,2_1_20_Rep3.txt",299.txt
0299,"Instance_50_10_5_0,2_1_20_Rep4.txt",300.txt
0300,"Instance_50_10_5_0,4_0,2_10_Rep0.txt",301.txt
0301,"Instance_50_10_5_0,4_0,2_10_Rep1.txt",302.txt
0302,"Instance_50_10_5_0,4_0,2_10_Rep2.txt",303.txt
0303,"Instance_50_10_5_0,4_0,2_10_Rep3.txt",304.txt
0304,"Instance_50_10_5_0,4_0,2_10_Rep4.txt",305.txt
0305,"Instance_50_10_5_0,4_0,2_20_Rep0.txt",306.txt
0306,"Instance_50_10_5_0,4_0,2_20_Rep1.txt",307.txt
0307,"Instance_50_10_5_0,4_0,2_20_Rep2.txt",308.txt
0308,"Instance_50_10_5_0,4_0,2_20_Rep3.txt",309.txt
0309,"Instance_50_10_5_0,4_0,2_20_Rep4.txt",310.txt
0310,"Instance_50_10_5_0,4_0,6_10_Rep0.txt",311.txt
0311,"Instance_50_10_5_0,4_0,6_10_Rep1.txt",312.txt
0312,"Instance_50_10_5_0,4_0,6_10_Rep2.txt",313.txt
0313,"Instance_50_10_5_0,4_0,6_10_Rep3.txt",314.txt
0314,"Instance_50_10_5_0,4_0,6_10_Rep4.txt",315.txt
0315,"Instance_50_10_5_0,4_0,6_20_Rep0.txt",316.txt
0316,"Instance_50_10_5_0,4_0,6_20_Rep1.txt",317.txt
0317,"Instance_50_10_5_0,4_0,6_20_Rep2.txt",318.txt
0318,"Instance_50_10_5_0,4_0,6_20_Rep3.txt",319.txt
0319,"Instance_50_10_5_0,4_0,6_20_Rep4.txt",320.txt
0320,"Instance_50_10_5_0,4_1_10_Rep0.txt",321.txt
0321,"Instance_50_10_5_0,4_1_10_Rep1.txt",322.txt
0322,"Instance_50_10_5_0,4_1_10_Rep2.txt",323.txt
0323,"Instance_50_10_5_0,4_1_10_Rep3.txt",324.txt
0324,"Instance_50_10_5_0,4_1_10_Rep4.txt",325.txt
0325,"Instance_50_10_5_0,4_1_20_Rep0.txt",326.txt
0326,"Instance_50_10_5_0,4_1_20_Rep1.txt",327.txt
0327,"Instance_50_10_5_0,4_1_20_Rep2.txt",328.txt
0328,"Instance_50_10_5_0,4_1_20_Rep3.txt",329.txt
0329,"Instance_50_10_5_0,4_1_20_Rep4.txt",330.txt
0330,"Instance_50_10_5_0,6_0,2_10_Rep0.txt",331.txt
0331,"Instance_50_10_5_0,6_0,2_10_Rep1.txt",332.txt
0332,"Instance_50_10_5_0,6_0,2_10_Rep2.txt",333.txt
0333,"Instance_50_10_5_0,6_0,2_10_Rep3.txt",334.txt
0334,"Instance_50_10_5_0,6_0,2_10_Rep4.txt",335.txt
0335,"Instance_50_10_5_0,6_0,2_20_Rep0.txt",336.txt
0336,"Instance_50_10_5_0,6_0,2_20_Rep1.txt",337.txt
0337,"Instance_50_10_5_0,6_0,2_20_Rep2.txt",338.txt
0338,"Instance_50_10_5_0,6_0,2_20_Rep3.txt",339.txt
0339,"Instance_50_10_5_0,6_0,2_20_Rep4.txt",340.txt
0340,"Instance_50_10_5_0,6_0,6_10_Rep0.txt",341.txt
0341,"Instance_50_10_5_0,6_0,6_10_Rep1.txt",342.txt
0342,"Instance_50_10_5_0,6_0,6_10_Rep2.txt",343.txt
0343,"Instance_50_10_5_0,6_0,6_10_Rep3.txt",344.txt
0344,"Instance_50_10_5_0,6_0,6_10_Rep4.txt",345.txt
0345,"Instance_50_10_5_0,6_0,6_20_Rep0.txt",346.txt
0346,"Instance_50_10_5_0,6_0,6_20_Rep1.txt",347.txt
0347,"Instance_50_10_5_0,6_0,6_20_Rep2.txt",348.txt
0348,"Instance_50_10_5_0,6_0,6_20_Rep3.txt",349.txt
0349,"Instance_50_10_5_0,6_0,6_20_Rep4.txt",350.txt
0350,"Instance_50_10_5_0,6_1_10_Rep0.txt",351.txt
0351,"Instance_50_10_5_0,6_1_10_Rep1.txt",352.txt
0352,"Instance_50_10_5_0,6_1_10_Rep2.txt",353.txt
0353,"Instance_50_10_5_0,6_1_10_Rep3.txt",354.txt
0354,"Instance_50_10_5_0,6_1_10_Rep4.txt",355.txt
0355,"Instance_50_10_5_0,6_1_20_Rep0.txt",356.txt
0356,"Instance_50_10_5_0,6_1_20_Rep1.txt",357.txt
0357,"Instance_50_10_5_0,6_1_20_Rep2.txt",358.txt
0358,"Instance_50_10_5_0,6_1_20_Rep3.txt",359.txt
0359,"Instance_50_10_5_0,6_1_20_Rep4.txt",360.txt
0360,"Instance_100_5_3_0,2_0,2_10_Rep0.txt",361.txt
0361,"Instance_100_5_3_0,2_0,2_10_Rep1.txt",362.txt
0362,"Instance_100_5_3_0,2_0,2_10_Rep2.txt",363.txt
0363,"Instance_100_5_3_0,2_0,2_10_Rep3.txt",364.txt
0364,"Instance_100_5_3_0,2_0,2_10_Rep4.txt",365.txt
0365,"Instance_100_5_3_0,2_0,2_20_Rep0.txt",366.txt
0366,"Instance_100_5_3_0,2_0,2_20_Rep1.txt",367.txt
0367,"Instance_100_5_3_0,2_0,2_20_Rep2.txt",368.txt
0368,"Instance_100_5_3_0,2_0,2_20_Rep3.txt",369.txt
0369,"Instance_100_5_3_0,2_0,2_20_Rep4.txt",370.txt
0370,"Instance_100_5_3_0,2_0,6_10_Rep0.txt",371.txt
0371,"Instance_100_5_3_0,2_0,6_10_Rep1.txt",372.txt
0372,"Instance_100_5_3_0,2_0,6_10_Rep2.txt",373.txt
0373,"Instance_100_5_3_0,2_0,6_10_Rep3.txt",374.txt
0374,"Instance_100_5_3_0,2_0,6_10_Rep4.txt",375.txt
0375,"Instance_100_5_3_0,2_0,6_20_Rep0.txt",376.txt
0376,"Instance_100_5_3_0,2_0,6_20_Rep1.txt",377.txt
0377,"Instance_100_5_3_0,2_0,6_20_Rep2.txt",378.txt
0378,"Instance_100_5_3_0,2_0,6_20_Rep3.txt",379.txt
0379,"Instance_100_5_3_0,2_0,6_20_Rep4.txt",380.txt
0380,"Instance_100_5_3_0,2_1_10_Rep0.txt",381.txt
0381,"Instance_100_5_3_0,2_1_10_Rep1.txt",382.txt
0382,"Instance_100_5_3_0,2_1_10_Rep2.txt",383.txt
0383,"Instance_100_5_3_0,2_1_10_Rep3.txt",384.txt
0384,"Instance_100_5_3_0,2_1_10_Rep4.txt",385.txt
0385,"Instance_100_5_3_0,2_1_20_Rep0.txt",386.txt
0386,"Instance_100_5_3_0,2_1_20_Rep1.txt",387.txt
0387,"Instance_100_5_3_0,2_1_20_Rep2.txt",388.txt
0388,"Instance_100_5_3_0,2_1_20_Rep3.txt",389.txt
0389,"Instance_100_5_3_0,2_1_20_Rep4.txt",390.txt
0390,"Instance_100_5_3_0,4_0,2_10_Rep0.txt",391.txt
0391,"Instance_100_5_3_0,4_0,2_10_Rep1.txt",392.txt
0392,"Instance_100_5_3_0,4_0,2_10_Rep2.txt",393.txt
0393,"Instance_100_5_3_0,4_0,2_10_Rep3.txt",394.txt
0394,"Instance_100_5_3_0,4_0,2_10_Rep4.txt",395.txt
0395,"Instance_100_5_3_0,4_0,2_20_Rep0.txt",396.txt
0396,"Instance_100_5_3_0,4_0,2_20_Rep1.txt",397.txt
0397,"Instance_100_5_3_0,4_0,2_20_Rep2.txt",398.txt
0398,"Instance_100_5_3_0,4_0,2_20_Rep3.txt",399.txt
0399,"Instance_100_5_3_0,4_0,2_20_Rep4.txt",400.txt
0400,"Instance_100_5_3_0,4_0,6_10_Rep0.txt",401.txt
0401,"Instance_100_5_3_0,4_0,6_10_Rep1.txt",402.txt
0402,"Instance_100_5_3_0,4_0,6_10_Rep2.txt",403.txt
0403,"Instance_100_5_3_0,4_0,6_10_Rep3.txt",404.txt
0404,"Instance_100_5_3_0,4_0,6_10_Rep4.txt",405.txt
0405,"Instance_100_5_3_0,4_0,6_20_Rep0.txt",406.txt
0406,"Instance_100_5_3_0,4_0,6_20_Rep1.txt",407.txt
0407,"Instance_100_5_3_0,4_0,6_20_Rep2.txt",408.txt
0408,"Instance_100_5_3_0,4_0,6_20_Rep3.txt",409.txt
0409,"Instance_100_5_3_0,4_0,6_20_Rep4.txt",410.txt
0410,"Instance_100_5_3_0,4_1_10_Rep0.txt",411.txt
0411,"Instance_100_5_3_0,4_1_10_Rep1.txt",412.txt
0412,"Instance_100_5_3_0,4_1_10_Rep2.txt",413.txt
0413,"Instance_100_5_3_0,4_1_10_Rep3.txt",414.txt
0414,"Instance_100_5_3_0,4_1_10_Rep4.txt",415.txt
0415,"Instance_100_5_3_0,4_1_20_Rep0.txt",416.txt
0416,"Instance_100_5_3_0,4_1_20_Rep1.txt",417.txt
0417,"Instance_100_5_3_0,4_1_20_Rep2.txt",418.txt
0418,"Instance_100_5_3_0,4_1_20_Rep3.txt",419.txt
0419,"Instance_100_5_3_0,4_1_20_Rep4.txt",420.txt
0420,"Instance_100_5_3_0,6_0,2_10_Rep0.txt",421.txt
0421,"Instance_100_5_3_0,6_0,2_10_Rep1.txt",422.txt
0422,"Instance_100_5_3_0,6_0,2_10_Rep2.txt",423.txt
0423,"Instance_100_5_3_0,6_0,2_10_Rep3.txt",424.txt
0424,"Instance_100_5_3_0,6_0,2_10_Rep4.txt",425.txt
0425,"Instance_100_5_3_0,6_0,2_20_Rep0.txt",426.txt
0426,"Instance_100_5_3_0,6_0,2_20_Rep1.txt",427.txt
0427,"Instance_100_5_3_0,6_0,2_20_Rep2.txt",428.txt
0428,"Instance_100_5_3_0,6_0,2_20_Rep3.txt",429.txt
0429,"Instance_100_5_3_0,6_0,2_20_Rep4.txt",430.txt
0430,"Instance_100_5_3_0,6_0,6_10_Rep0.txt",431.txt
0431,"Instance_100_5_3_0,6_0,6_10_Rep1.txt",432.txt
0432,"Instance_100_5_3_0,6_0,6_10_Rep2.txt",433.txt
0433,"Instance_100_5_3_0,6_0,6_10_Rep3.txt",434.txt
0434,"Instance_100_5_3_0,6_0,6_10_Rep4.txt",435.txt
0435,"Instance_100_5_3_0,6_0,6_20_Rep0.txt",436.txt
0436,"Instance_100_5_3_0,6_0,6_20_Rep1.txt",437.txt
0437,"Instance_100_5_3_0,6_0,6_20_Rep2.txt",438.txt
0438,"Instance_100_5_3_0,6_0,6_20_Rep3.txt",439.txt
0439,"Instance_100_5_3_0,6_0,6_20_Rep4.txt",440.txt
0440,"Instance_100_5_3_0,6_1_10_Rep0.txt",441.txt
0441,"Instance_100_5_3_0,6_1_10_Rep1.txt",442.txt
0442,"Instance_100_5_3_0,6_1_10_Rep2.txt",443.txt
0443,"Instance_100_5_3_0,6_1_10_Rep3.txt",444.txt
0444,"Instance_100_5_3_0,6_1_10_Rep4.txt",445.txt
0445,"Instance_100_5_3_0,6_1_20_Rep0.txt",446.txt
0446,"Instance_100_5_3_0,6_1_20_Rep1.txt",447.txt
0447,"Instance_100_5_3_0,6_1_20_Rep2.txt",448.txt
0448,"Instance_100_5_3_0,6_1_20_Rep3.txt",449.txt
0449,"Instance_100_5_3_0,6_1_20_Rep4.txt",450.txt
0450,"Instance_100_5_5_0,2_0,2_10_Rep0.txt",451.txt
0451,"Instance_100_5_5_0,2_0,2_10_Rep1.txt",452.txt
0452,"Instance_100_5_5_0,2_0,2_10_Rep2.txt",453.txt
0453,"Instance_100_5_5_0,2_0,2_10_Rep3.txt",454.txt
0454,"Instance_100_5_5_0,2_0,2_10_Rep4.txt",455.txt
0455,"Instance_100_5_5_0,2_0,2_20_Rep0.txt",456.txt
0456,"Instance_100_5_5_0,2_0,2_20_Rep1.txt",457.txt
0457,"Instance_100_5_5_0,2_0,2_20_Rep2.txt",458.txt
0458,"Instance_100_5_5_0,2_0,2_20_Rep3.txt",459.txt
0459,"Instance_100_5_5_0,2_0,2_20_Rep4.txt",460.txt
0460,"Instance_100_5_5_0,2_0,6_10_Rep0.txt",461.txt
0461,"Instance_100_5_5_0,2_0,6_10_Rep1.txt",462.txt
0462,"Instance_100_5_5_0,2_0,6_10_Rep2.txt",463.txt
0463,"Instance_100_5_5_0,2_0,6_10_Rep3.txt",464.txt
0464,"Instance_100_5_5_0,2_0,6_10_Rep4.txt",465.txt
0465,"Instance_100_5_5_0,2_0,6_20_Rep0.txt",466.txt
0466,"Instance_100_5_5_0,2_0,6_20_Rep1.txt",467.txt
0467,"Instance_100_5_5_0,2_0,6_20_Rep2.txt",468.txt
0468,"Instance_100_5_5_0,2_0,6_20_Rep3.txt",469.txt
0469,"Instance_100_5_5_0,2_0,6_20_Rep4.txt",470.txt
0470,"Instance_100_5_5_0,2_1_10_Rep0.txt",471.txt
0471,"Instance_100_5_5_0,2_1_10_Rep1.txt",472.txt
0472,"Instance_100_5_5_0,2_1_10_Rep2.txt",473.txt
0473,"Instance_100_5_5_0,2_1_10_Rep3.txt",474.txt
0474,"Instance_100_5_5_0,2_1_10_Rep4.txt",475.txt
0475,"Instance_100_5_5_0,2_1_20_Rep0.txt",476.txt
0476,"Instance_100_5_5_0,2_1_20_Rep1.txt",477.txt
0477,"Instance_100_5_5_0,2_1_20_Rep2.txt",478.txt
0478,"Instance_100_5_5_0,2_1_20_Rep3.txt",479.txt
0479,"Instance_100_5_5_0,2_1_20_Rep4.txt",480.txt
0480,"Instance_100_5_5_0,4_0,2_10_Rep0.txt",481.txt
0481,"Instance_100_5_5_0,4_0,2_10_Rep1.txt",482.txt
0482,"Instance_100_5_5_0,4_0,2_10_Rep2.txt",483.txt
0483,"Instance_100_5_5_0,4_0,2_10_Rep3.txt",484.txt
0484,"Instance_100_5_5_0,4_0,2_10_Rep4.txt",485.txt
0485,"Instance_100_5_5_0,4_0,2_20_Rep0.txt",486.txt
0486,"Instance_100_5_5_0,4_0,2_20_Rep1.txt",487.txt
0487,"Instance_100_5_5_0,4_0,2_20_Rep2.txt",488.txt
0488,"Instance_100_5_5_0,4_0,2_20_Rep3.txt",489.txt
0489,"Instance_100_5_5_0,4_0,2_20_Rep4.txt",490.txt
0490,"Instance_100_5_5_0,4_0,6_10_Rep0.txt",491.txt
0491,"Instance_100_5_5_0,4_0,6_10_Rep1.txt",492.txt
0492,"Instance_100_5_5_0,4_0,6_10_Rep2.txt",493.txt
0493,"Instance_100_5_5_0,4_0,6_10_Rep3.txt",494.txt
0494,"Instance_100_5_5_0,4_0,6_10_Rep4.txt",495.txt
0495,"Instance_100_5_5_0,4_0,6_20_Rep0.txt",496.txt
0496,"Instance_100_5_5_0,4_0,6_20_Rep1.txt",497.txt
0497,"Instance_100_5_5_0,4_0,6_20_Rep2.txt",498.txt
0498,"Instance_100_5_5_0,4_0,6_20_Rep3.txt",499.txt
0499,"Instance_100_5_5_0,4_0,6_20_Rep4.txt",500.txt
0500,"Instance_100_5_5_0,4_1_10_Rep0.txt",501.txt
0501,"Instance_100_5_5_0,4_1_10_Rep1.txt",502.txt
0502,"Instance_100_5_5_0,4_1_10_Rep2.txt",503.txt
0503,"Instance_100_5_5_0,4_1_10_Rep3.txt",504.txt
0504,"Instance_100_5_5_0,4_1_10_Rep4.txt",505.txt
0505,"Instance_100_5_5_0,4_1_20_Rep0.txt",506.txt
0506,"Instance_100_5_5_0,4_1_20_Rep1.txt",507.txt
0507,"Instance_100_5_5_0,4_1_20_Rep2.txt",508.txt
0508,"Instance_100_5_5_0,4_1_20_Rep3.txt",509.txt
0509,"Instance_100_5_5_0,4_1_20_Rep4.txt",510.txt
0510,"Instance_100_5_5_0,6_0,2_10_Rep0.txt",511.txt
0511,"Instance_100_5_5_0,6_0,2_10_Rep1.txt",512.txt
0512,"Instance_100_5_5_0,6_0,2_10_Rep2.txt",513.txt
0513,"Instance_100_5_5_0,6_0,2_10_Rep3.txt",514.txt
0514,"Instance_100_5_5_0,6_0,2_10_Rep4.txt",515.txt
0515,"Instance_100_5_5_0,6_0,2_20_Rep0.txt",516.txt
0516,"Instance_100_5_5_0,6_0,2_20_Rep1.txt",517.txt
0517,"Instance_100_5_5_0,6_0,2_20_Rep2.txt",518.txt
0518,"Instance_100_5_5_0,6_0,2_20_Rep3.txt",519.txt
0519,"Instance_100_5_5_0,6_0,2_20_Rep4.txt",520.txt
0520,"Instance_100_5_5_0,6_0,6_10_Rep0.txt",521.txt
0521,"Instance_100_5_5_0,6_0,6_10_Rep1.txt",522.txt
0522,"Instance_100_5_5_0,6_0,6_10_Rep2.txt",523.txt
0523,"Instance_100_5_5_0,6_0,6_10_Rep3.txt",524.txt
0524,"Instance_100_5_5_0,6_0,6_10_Rep4.txt",525.txt
0525,"Instance_100_5_5_0,6_0,6_20_Rep0.txt",526.txt
0526,"Instance_100_5_5_0,6_0,6_20_Rep1.txt",527.txt
0527,"Instance_100_5_5_0,6_0,6_20_Rep2.txt",528.txt
0528,"Instance_100_5_5_0,6_0,6_20_Rep3.txt",529.txt
0529,"Instance_100_5_5_0,6_0,6_20_Rep4.txt",530.txt
0530,"Instance_100_5_5_0,6_1_10_Rep0.txt",531.txt
0531,"Instance_100_5_5_0,6_1_10_Rep1.txt",532.txt
0532,"Instance_100_5_5_0,6_1_10_Rep2.txt",533.txt
0533,"Instance_100_5_5_0,6_1_10_Rep3.txt",534.txt
0534,"Instance_100_5_5_0,6_1_10_Rep4.txt",535.txt
0535,"Instance_100_5_5_0,6_1_20_Rep0.txt",536.txt
0536,"Instance_100_5_5_0,6_1_20_Rep1.txt",537.txt
0537,"Instance_100_5_5_0,6_1_20_Rep2.txt",538.txt
0538,"Instance_100_5_5_0,6_1_20_Rep3.txt",539.txt
0539,"Instance_100_5_5_0,6_1_20_Rep4.txt",540.txt
0540,"Instance_100_10_3_0,2_0,2_10_Rep0.txt",541.txt
0541,"Instance_100_10_3_0,2_0,2_10_Rep1.txt",542.txt
0542,"Instance_100_10_3_0,2_0,2_10_Rep2.txt",543.txt
0543,"Instance_100_10_3_0,2_0,2_10_Rep3.txt",544.txt
0544,"Instance_100_10_3_0,2_0,2_10_Rep4.txt",545.txt
0545,"Instance_100_10_3_0,2_0,2_20_Rep0.txt",546.txt
0546,"Instance_100_10_3_0,2_0,2_20_Rep1.txt",547.txt
0547,"Instance_100_10_3_0,2_0,2_20_Rep2.txt",548.txt
0548,"Instance_100_10_3_0,2_0,2_20_Rep3.txt",549.txt
0549,"Instance_100_10_3_0,2_0,2_20_Rep4.txt",550.txt
0550,"Instance_100_10_3_0,2_0,6_10_Rep0.txt",551.txt
0551,"Instance_100_10_3_0,2_0,6_10_Rep1.txt",552.txt
0552,"Instance_100_10_3_0,2_0,6_10_Rep2.txt",553.txt
0553,"Instance_100_10_3_0,2_0,6_10_Rep3.txt",554.txt
0554,"Instance_100_10_3_0,2_0,6_10_Rep4.txt",555.txt
0555,"Instance_100_10_3_0,2_0,6_20_Rep0.txt",556.txt
0556,"Instance_100_10_3_0,2_0,6_20_Rep1.txt",557.txt
0557,"Instance_100_10_3_0,2_0,6_20_Rep2.txt",558.txt
0558,"Instance_100_10_3_0,2_0,6_20_Rep3.txt",559.txt
0559,"Instance_100_10_3_0,2_0,6_20_Rep4.txt",560.txt
0560,"Instance_100_10_3_0,2_1_10_Rep0.txt",561.txt
0561,"Instance_100_10_3_0,2_1_10_Rep1.txt",562.txt
0562,"Instance_100_10_3_0,2_1_10_Rep2.txt",563.txt
0563,"Instance_100_10_3_0,2_1_10_Rep3.txt",564.txt
0564,"Instance_100_10_3_0,2_1_10_Rep4.txt",565.txt
0565,"Instance_100_10_3_0,2_1_20_Rep0.txt",566.txt
0566,"Instance_100_10_3_0,2_1_20_Rep1.txt",567.txt
0567,"Instance_100_10_3_0,2_1_20_Rep2.txt",568.txt
0568,"Instance_100_10_3_0,2_1_20_Rep3.txt",569.txt
0569,"Instance_100_10_3_0,2_1_20_Rep4.txt",570.txt
0570,"Instance_100_10_3_0,4_0,2_10_Rep0.txt",571.txt
0571,"Instance_100_10_3_0,4_0,2_10_Rep1.txt",572.txt
0572,"Instance_100_10_3_0,4_0,2_10_Rep2.txt",573.txt
0573,"Instance_100_10_3_0,4_0,2_10_Rep3.txt",574.txt
0574,"Instance_100_10_3_0,4_0,2_10_Rep4.txt",575.txt
0575,"Instance_100_10_3_0,4_0,2_20_Rep0.txt",576.txt
0576,"Instance_100_10_3_0,4_0,2_20_Rep1.txt",577.txt
0577,"Instance_100_10_3_0,4_0,2_20_Rep2.txt",578.txt
0578,"Instance_100_10_3_0,4_0,2_20_Rep3.txt",579.txt
0579,"Instance_100_10_3_0,4_0,2_20_Rep4.txt",580.txt
0580,"Instance_100_10_3_0,4_0,6_10_Rep0.txt",581.txt
0581,"Instance_100_10_3_0,4_0,6_10_Rep1.txt",582.txt
0582,"Instance_100_10_3_0,4_0,6_10_Rep2.txt",583.txt
0583,"Instance_100_10_3_0,4_0,6_10_Rep3.txt",584.txt
0584,"Instance_100_10_3_0,4_0,6_10_Rep4.txt",585.txt
0585,"Instance_100_10_3_0,4_0,6_20_Rep0.txt",586.txt
0586,"Instance_100_10_3_0,4_0,6_20_Rep1.txt",587.txt
0587,"Instance_100_10_3_0,4_0,6_20_Rep2.txt",588.txt
0588,"Instance_100_10_3_0,4_0,6_20_Rep3.txt",589.txt
0589,"Instance_100_10_3_0,4_0,6_20_Rep4.txt",590.txt
0590,"Instance_100_10_3_0,4_1_10_Rep0.txt",591.txt
0591,"Instance_100_10_3_0,4_1_10_Rep1.txt",592.txt
0592,"Instance_100_10_3_0,4_1_10_Rep2.txt",593.txt
0593,"Instance_100_10_3_0,4_1_10_Rep3.txt",594.txt
0594,"Instance_100_10_3_0,4_1_10_Rep4.txt",595.txt
0595,"Instance_100_10_3_0,4_1_20_Rep0.txt",596.txt
0596,"Instance_100_10_3_0,4_1_20_Rep1.txt",597.txt
0597,"Instance_100_10_3_0,4_1_20_Rep2.txt",598.txt
0598,"Instance_100_10_3_0,4_1_20_Rep3.txt",599.txt
0599,"Instance_100_10_3_0,4_1_20_Rep4.txt",600.txt
0600,"Instance_100_10_3_0,6_0,2_10_Rep0.txt",601.txt
0601,"Instance_100_10_3_0,6_0,2_10_Rep1.txt",602.txt
0602,"Instance_100_10_3_0,6_0,2_10_Rep2.txt",603.txt
0603,"Instance_100_10_3_0,6_0,2_10_Rep3.txt",604.txt
0604,"Instance_100_10_3_0,6_0,2_10_Rep4.txt",605.txt
0605,"Instance_100_10_3_0,6_0,2_20_Rep0.txt",606.txt
0606,"Instance_100_10_3_0,6_0,2_20_Rep1.txt",607.txt
0607,"Instance_100_10_3_0,6_0,2_20_Rep2.txt",608.txt
0608,"Instance_100_10_3_0,6_0,2_20_Rep3.txt",609.txt
0609,"Instance_100_10_3_0,6_0,2_20_Rep4.txt",610.txt
0610,"Instance_100_10_3_0,6_0,6_10_Rep0.txt",611.txt
0611,"Instance_100_10_3_0,6_0,6_10_Rep1.txt",612.txt
0612,"Instance_100_10_3_0,6_0,6_10_Rep2.txt",613.txt
0613,"Instance_100_10_3_0,6_0,6_10_Rep3.txt",614.txt
0614,"Instance_100_10_3_0,6_0,6_10_Rep4.txt",615.txt
0615,"Instance_100_10_3_0,6_0,6_20_Rep0.txt",616.txt
0616,"Instance_100_10_3_0,6_0,6_20_Rep1.txt",617.txt
0617,"Instance_100_10_3_0,6_0,6_20_Rep2.txt",618.txt
0618,"Instance_100_10_3_0,6_0,6_20_Rep3.txt",619.txt
0619,"Instance_100_10_3_0,6_0,6_20_Rep4.txt",620.txt
0620,"Instance_100_10_3_0,6_1_10_Rep0.txt",621.txt
0621,"Instance_100_10_3_0,6_1_10_Rep1.txt",622.txt
0622,"Instance_100_10_3_0,6_1_10_Rep2.txt",623.txt
0623,"Instance_100_10_3_0,6_1_10_Rep3.txt",624.txt
0624,"Instance_100_10_3_0,6_1_10_Rep4.txt",625.txt
0625,"Instance_100_10_3_0,6_1_20_Rep0.txt",626.txt
0626,"Instance_100_10_3_0,6_1_20_Rep1.txt",627.txt
0627,"Instance_100_10_3_0,6_1_20_Rep2.txt",628.txt
0628,"Instance_100_10_3_0,6_1_20_Rep3.txt",629.txt
0629,"Instance_100_10_3_0,6_1_20_Rep4.txt",630.txt
0630,"Instance_100_10_5_0,2_0,2_10_Rep0.txt",631.txt
0631,"Instance_100_10_5_0,2_0,2_10_Rep1.txt",632.txt
0632,"Instance_100_10_5_0,2_0,2_10_Rep2.txt",633.txt
0633,"Instance_100_10_5_0,2_0,2_10_Rep3.txt",634.txt
0634,"Instance_100_10_5_0,2_0,2_10_Rep4.txt",635.txt
0635,"Instance_100_10_5_0,2_0,2_20_Rep0.txt",636.txt
0636,"Instance_100_10_5_0,2_0,2_20_Rep1.txt",637.txt
0637,"Instance_100_10_5_0,2_0,2_20_Rep2.txt",638.txt
0638,"Instance_100_10_5_0,2_0,2_20_Rep3.txt",639.txt
0639,"Instance_100_10_5_0,2_0,2_20_Rep4.txt",640.txt
0640,"Instance_100_10_5_0,2_0,6_10_Rep0.txt",641.txt
0641,"Instance_100_10_5_0,2_0,6_10_Rep1.txt",642.txt
0642,"Instance_100_10_5_0,2_0,6_10_Rep2.txt",643.txt
0643,"Instance_100_10_5_0,2_0,6_10_Rep3.txt",644.txt
0644,"Instance_100_10_5_0,2_0,6_10_Rep4.txt",645.txt
0645,"Instance_100_10_5_0,2_0,6_20_Rep0.txt",646.txt
0646,"Instance_100_10_5_0,2_0,6_20_Rep1.txt",647.txt
0647,"Instance_100_10_5_0,2_0,6_20_Rep2.txt",648.txt
0648,"Instance_100_10_5_0,2_0,6_20_Rep3.txt",649.txt
0649,"Instance_100_10_5_0,2_0,6_20_Rep4.txt",650.txt
0650,"Instance_100_10_5_0,2_1_10_Rep0.txt",651.txt
0651,"Instance_100_10_5_0,2_1_10_Rep1.txt",652.txt
0652,"Instance_100_10_5_0,2_1_10_Rep2.txt",653.txt
0653,"Instance_100_10_5_0,2_1_10_Rep3.txt",654.txt
0654,"Instance_100_10_5_0,2_1_10_Rep4.txt",655.txt
0655,"Instance_100_10_5_0,2_1_20_Rep0.txt",656.txt
0656,"Instance_100_10_5_0,2_1_20_Rep1.txt",657.txt
0657,"Instance_100_10_5_0,2_1_20_Rep2.txt",658.txt
0658,"Instance_100_10_5_0,2_1_20_Rep3.txt",659.txt
0659,"Instance_100_10_5_0,2_1_20_Rep4.txt",660.txt
0660,"Instance_100_10_5_0,4_0,2_10_Rep0.txt",661.txt
0661,"Instance_100_10_5_0,4_0,2_10_Rep1.txt",662.txt
0662,"Instance_100_10_5_0,4_0,2_10_Rep2.txt",663.txt
0663,"Instance_100_10_5_0,4_0,2_10_Rep3.txt",664.txt
0664,"Instance_100_10_5_0,4_0,2_10_Rep4.txt",665.txt
0665,"Instance_100_10_5_0,4_0,2_20_Rep0.txt",666.txt
0666,"Instance_100_10_5_0,4_0,2_20_Rep1.txt",667.txt
0667,"Instance_100_10_5_0,4_0,2_20_Rep2.txt",668.txt
0668,"Instance_100_10_5_0,4_0,2_20_Rep3.txt",669.txt
0669,"Instance_100_10_5_0,4_0,2_20_Rep4.txt",670.txt
0670,"Instance_100_10_5_0,4_0,6_10_Rep0.txt",671.txt
0671,"Instance_100_10_5_0,4_0,6_10_Rep1.txt",672.txt
0672,"Instance_100_10_5_0,4_0,6_10_Rep2.txt",673.txt
0673,"Instance_100_10_5_0,4_0,6_10_Rep3.txt",674.txt
0674,"Instance_100_10_5_0,4_0,6_10_Rep4.txt",675.txt
0675,"Instance_100_10_5_0,4_0,6_20_Rep0.txt",676.txt
0676,"Instance_100_10_5_0,4_0,6_20_Rep1.txt",677.txt
0677,"Instance_100_10_5_0,4_0,6_20_Rep2.txt",678.txt
0678,"Instance_100_10_5_0,4_0,6_20_Rep3.txt",679.txt
0679,"Instance_100_10_5_0,4_0,6_20_Rep4.txt",680.txt
0680,"Instance_100_10_5_0,4_1_10_Rep0.txt",681.txt
0681,"Instance_100_10_5_0,4_1_10_Rep1.txt",682.txt
0682,"Instance_100_10_5_0,4_1_10_Rep2.txt",683.txt
0683,"Instance_100_10_5_0,4_1_10_Rep3.txt",684.txt
0684,"Instance_100_10_5_0,4_1_10_Rep4.txt",685.txt
0685,"Instance_100_10_5_0,4_1_20_Rep0.txt",686.txt
0686,"Instance_100_10_5_0,4_1_20_Rep1.txt",687.txt
0687,"Instance_100_10_5_0,4_1_20_Rep2.txt",688.txt
0688,"Instance_100_10_5_0,4_1_20_Rep3.txt",689.txt
0689,"Instance_100_10_5_0,4_1_20_Rep4.txt",690.txt
0690,"Instance_100_10_5_0,6_0,2_10_Rep0.txt",691.txt
0691,"Instance_100_10_5_0,6_0,2_10_Rep1.txt",692.txt
0692,"Instance_100_10_5_0,6_0,2_10_Rep2.txt",693.txt
0693,"Instance_100_10_5_0,6_0,2_10_Rep3.txt",694.txt
0694,"Instance_100_10_5_0,6_0,2_10_Rep4.txt",695.txt
0695,"Instance_100_10_5_0,6_0,2_20_Rep0.txt",696.txt
0696,"Instance_100_10_5_0,6_0,2_20_Rep1.txt",697.txt
0697,"Instance_100_10_5_0,6_0,2_20_Rep2.txt",698.txt
0698,"Instance_100_10_5_0,6_0,2_20_Rep3.txt",699.txt
0699,"Instance_100_10_5_0,6_0,2_20_Rep4.txt",700.txt
0700,"Instance_100_10_5_0,6_0,6_10_Rep0.txt",701.txt
0701,"Instance_100_10_5_0,6_0,6_10_Rep1.txt",702.txt
0702,"Instance_100_10_5_0,6_0,6_10_Rep2.txt",703.txt
0703,"Instance_100_10_5_0,6_0,6_10_Rep3.txt",704.txt
0704,"Instance_100_10_5_0,6_0,6_10_Rep4.txt",705.txt
0705,"Instance_100_10_5_0,6_0,6_20_Rep0.txt",706.txt
0706,"Instance_100_10_5_0,6_0,6_20_Rep1.txt",707.txt
0707,"Instance_100_10_5_0,6_0,6_20_Rep2.txt",708.txt
0708,"Instance_100_10_5_0,6_0,6_20_Rep3.txt",709.txt
0709,"Instance_100_10_5_0,6_0,6_20_Rep4.txt",710.txt
0710,"Instance_100_10_5_0,6_1_10_Rep0.txt",711.txt
0711,"Instance_100_10_5_0,6_1_10_Rep1.txt",712.txt
0712,"Instance_100_10_5_0,6_1_10_Rep2.txt",713.txt
0713,"Instance_100_10_5_0,6_1_10_Rep3.txt",714.txt
0714,"Instance_100_10_5_0,6_1_10_Rep4.txt",715.txt
0715,"Instance_100_10_5_0,6_1_20_Rep0.txt",716.txt
0716,"Instance_100_10_5_0,6_1_20_Rep1.txt",717.txt
0717,"Instance_100_10_5_0,6_1_20_Rep2.txt",718.txt
0718,"Instance_100_10_5_0,6_1_20_Rep3.txt",719.txt
0719,"Instance_100_10_5_0,6_1_20_Rep4.txt",720.txt
0720,"Instance_150_5_3_0,2_0,2_10_Rep0.txt",721.txt
0721,"Instance_150_5_3_0,2_0,2_10_Rep1.txt",722.txt
0722,"Instance_150_5_3_0,2_0,2_10_Rep2.txt",723.txt
0723,"Instance_150_5_3_0,2_0,2_10_Rep3.txt",724.txt
0724,"Instance_150_5_3_0,2_0,2_10_Rep4.txt",725.txt
0725,"Instance_150_5_3_0,2_0,2_20_Rep0.txt",726.txt
0726,"Instance_150_5_3_0,2_0,2_20_Rep1.txt",727.txt
0727,"Instance_150_5_3_0,2_0,2_20_Rep2.txt",728.txt
0728,"Instance_150_5_3_0,2_0,2_20_Rep3.txt",729.txt
0729,"Instance_150_5_3_0,2_0,2_20_Rep4.txt",730.txt
0730,"Instance_150_5_3_0,2_0,6_10_Rep0.txt",731.txt
0731,"Instance_150_5_3_0,2_0,6_10_Rep1.txt",732.txt
0732,"Instance_150_5_3_0,2_0,6_10_Rep2.txt",733.txt
0733,"Instance_150_5_3_0,2_0,6_10_Rep3.txt",734.txt
0734,"Instance_150_5_3_0,2_0,6_10_Rep4.txt",735.txt
0735,"Instance_150_5_3_0,2_0,6_20_Rep0.txt",736.txt
0736,"Instance_150_5_3_0,2_0,6_20_Rep1.txt",737.txt
0737,"Instance_150_5_3_0,2_0,6_20_Rep2.txt",738.txt
0738,"Instance_150_5_3_0,2_0,6_20_Rep3.txt",739.txt
0739,"Instance_150_5_3_0,2_0,6_20_Rep4.txt",740.txt
0740,"Instance_150_5_3_0,2_1_10_Rep0.txt",741.txt
0741,"Instance_150_5_3_0,2_1_10_Rep1.txt",742.txt
0742,"Instance_150_5_3_0,2_1_10_Rep2.txt",743.txt
0743,"Instance_150_5_3_0,2_1_10_Rep3.txt",744.txt
0744,"Instance_150_5_3_0,2_1_10_Rep4.txt",745.txt
0745,"Instance_150_5_3_0,2_1_20_Rep0.txt",746.txt
0746,"Instance_150_5_3_0,2_1_20_Rep1.txt",747.txt
0747,"Instance_150_5_3_0,2_1_20_Rep2.txt",748.txt
0748,"Instance_150_5_3_0,2_1_20_Rep3.txt",749.txt
0749,"Instance_150_5_3_0,2_1_20_Rep4.txt",750.txt
0750,"Instance_150_5_3_0,4_0,2_10_Rep0.txt",751.txt
0751,"Instance_150_5_3_0,4_0,2_10_Rep1.txt",752.txt
0752,"Instance_150_5_3_0,4_0,2_10_Rep2.txt",753.txt
0753,"Instance_150_5_3_0,4_0,2_10_Rep3.txt",754.txt
0754,"Instance_150_5_3_0,4_0,2_10_Rep4.txt",755.txt
0755,"Instance_150_5_3_0,4_0,2_20_Rep0.txt",756.txt
0756,"Instance_150_5_3_0,4_0,2_20_Rep1.txt",757.txt
0757,"Instance_150_5_3_0,4_0,2_20_Rep2.txt",758.txt
0758,"Instance_150_5_3_0,4_0,2_20_Rep3.txt",759.txt
0759,"Instance_150_5_3_0,4_0,2_20_Rep4.txt",760.txt
0760,"Instance_150_5_3_0,4_0,6_10_Rep0.txt",761.txt
0761,"Instance_150_5_3_0,4_0,6_10_Rep1.txt",762.txt
0762,"Instance_150_5_3_0,4_0,6_10_Rep2.txt",763.txt
0763,"Instance_150_5_3_0,4_0,6_10_Rep3.txt",764.txt
0764,"Instance_150_5_3_0,4_0,6_10_Rep4.txt",765.txt
0765,"Instance_150_5_3_0,4_0,6_20_Rep0.txt",766.txt
0766,"Instance_150_5_3_0,4_0,6_20_Rep1.txt",767.txt
0767,"Instance_150_5_3_0,4_0,6_20_Rep2.txt",768.txt
0768,"Instance_150_5_3_0,4_0,6_20_Rep3.txt",769.txt
0769,"Instance_150_5_3_0,4_0,6_20_Rep4.txt",770.txt
0770,"Instance_150_5_3_0,4_1_10_Rep0.txt",771.txt
0771,"Instance_150_5_3_0,4_1_10_Rep1.txt",772.txt
0772,"Instance_150_5_3_0,4_1_10_Rep2.txt",773.txt
0773,"Instance_150_5_3_0,4_1_10_Rep3.txt",774.txt
0774,"Instance_150_5_3_0,4_1_10_Rep4.txt",775.txt
0775,"Instance_150_5_3_0,4_1_20_Rep0.txt",776.txt
0776,"Instance_150_5_3_0,4_1_20_Rep1.txt",777.txt
0777,"Instance_150_5_3_0,4_1_20_Rep2.txt",778.txt
0778,"Instance_150_5_3_0,4_1_20_Rep3.txt",779.txt
0779,"Instance_150_5_3_0,4_1_20_Rep4.txt",780.txt
0780,"Instance_150_5_3_0,6_0,2_10_Rep0.txt",781.txt
0781,"Instance_150_5_3_0,6_0,2_10_Rep1.txt",782.txt
0782,"Instance_150_5_3_0,6_0,2_10_Rep2.txt",783.txt
0783,"Instance_150_5_3_0,6_0,2_10_Rep3.txt",784.txt
0784,"Instance_150_5_3_0,6_0,2_10_Rep4.txt",785.txt
0785,"Instance_150_5_3_0,6_0,2_20_Rep0.txt",786.txt
0786,"Instance_150_5_3_0,6_0,2_20_Rep1.txt",787.txt
0787,"Instance_150_5_3_0,6_0,2_20_Rep2.txt",788.txt
0788,"Instance_150_5_3_0,6_0,2_20_Rep3.txt",789.txt
0789,"Instance_150_5_3_0,6_0,2_20_Rep4.txt",790.txt
0790,"Instance_150_5_3_0,6_0,6_10_Rep0.txt",791.txt
0791,"Instance_150_5_3_0,6_0,6_10_Rep1.txt",792.txt
0792,"Instance_150_5_3_0,6_0,6_10_Rep2.txt",793.txt
0793,"Instance_150_5_3_0,6_0,6_10_Rep3.txt",794.txt
0794,"Instance_150_5_3_0,6_0,6_10_Rep4.txt",795.txt
0795,"Instance_150_5_3_0,6_0,6_20_Rep0.txt",796.txt
0796,"Instance_150_5_3_0,6_0,6_20_Rep1.txt",797.txt
0797,"Instance_150_5_3_0,6_0,6_20_Rep2.txt",798.txt
0798,"Instance_150_5_3_0,6_0,6_20_Rep3.txt",799.txt
0799,"Instance_150_5_3_0,6_0,6_20_Rep4.txt",800.txt
0800,"Instance_150_5_3_0,6_1_10_Rep0.txt",801.txt
0801,"Instance_150_5_3_0,6_1_10_Rep1.txt",802.txt
0802,"Instance_150_5_3_0,6_1_10_Rep2.txt",803.txt
0803,"Instance_150_5_3_0,6_1_10_Rep3.txt",804.txt
0804,"Instance_150_5_3_0,6_1_10_Rep4.txt",805.txt
0805,"Instance_150_5_3_0,6_1_20_Rep0.txt",806.txt
0806,"Instance_150_5_3_0,6_1_20_Rep1.txt",807.txt
0807,"Instance_150_5_3_0,6_1_20_Rep2.txt",808.txt
0808,"Instance_150_5_3_0,6_1_20_Rep3.txt",809.txt
0809,"Instance_150_5_3_0,6_1_20_Rep4.txt",810.txt
0810,"Instance_150_5_5_0,2_0,2_10_Rep0.txt",811.txt
0811,"Instance_150_5_5_0,2_0,2_10_Rep1.txt",812.txt
0812,"Instance_150_5_5_0,2_0,2_10_Rep2.txt",813.txt
0813,"Instance_150_5_5_0,2_0,2_10_Rep3.txt",814.txt
0814,"Instance_150_5_5_0,2_0,2_10_Rep4.txt",815.txt
0815,"Instance_150_5_5_0,2_0,2_20_Rep0.txt",816.txt
0816,"Instance_150_5_5_0,2_0,2_20_Rep1.txt",817.txt
0817,"Instance_150_5_5_0,2_0,2_20_Rep2.txt",818.txt
0818,"Instance_150_5_5_0,2_0,2_20_Rep3.txt",819.txt
0819,"Instance_150_5_5_0,2_0,2_20_Rep4.txt",820.txt
0820,"Instance_150_5_5_0,2_0,6_10_Rep0.txt",821.txt
0821,"Instance_150_5_5_0,2_0,6_10_Rep1.txt",822.txt
0822,"Instance_150_5_5_0,2_0,6_10_Rep2.txt",823.txt
0823,"Instance_150_5_5_0,2_0,6_10_Rep3.txt",824.txt
0824,"Instance_150_5_5_0,2_0,6_10_Rep4.txt",825.txt
0825,"Instance_150_5_5_0,2_0,6_20_Rep0.txt",826.txt
0826,"Instance_150_5_5_0,2_0,6_20_Rep1.txt",827.txt
0827,"Instance_150_5_5_0,2_0,6_20_Rep2.txt",828.txt
0828,"Instance_150_5_5_0,2_0,6_20_Rep3.txt",829.txt
0829,"Instance_150_5_5_0,2_0,6_20_Rep4.txt",830.txt
0830,"Instance_150_5_5_0,2_1_10_Rep0.txt",831.txt
0831,"Instance_150_5_5_0,2_1_10_Rep1.txt",832.txt
0832,"Instance_150_5_5_0,2_1_10_Rep2.txt",833.txt
0833,"Instance_150_5_5_0,2_1_10_Rep3.txt",834.txt
0834,"Instance_150_5_5_0,2_1_10_Rep4.txt",835.txt
0835,"Instance_150_5_5_0,2_1_20_Rep0.txt",836.txt
0836,"Instance_150_5_5_0,2_1_20_Rep1.txt",837.txt
0837,"Instance_150_5_5_0,2_1_20_Rep2.txt",838.txt
0838,"Instance_150_5_5_0,2_1_20_Rep3.txt",839.txt
0839,"Instance_150_5_5_0,2_1_20_Rep4.txt",840.txt
0840,"Instance_150_5_5_0,4_0,2_10_Rep0.txt",841.txt
0841,"Instance_150_5_5_0,4_0,2_10_Rep1.txt",842.txt
0842,"Instance_150_5_5_0,4_0,2_10_Rep2.txt",843.txt
0843,"Instance_150_5_5_0,4_0,2_10_Rep3.txt",844.txt
0844,"Instance_150_5_5_0,4_0,2_10_Rep4.txt",845.txt
0845,"Instance_150_5_5_0,4_0,2_20_Rep0.txt",846.txt
0846,"Instance_150_5_5_0,4_0,2_20_Rep1.txt",847.txt
0847,"Instance_150_5_5_0,4_0,2_20_Rep2.txt",848.txt
0848,"Instance_150_5_5_0,4_0,2_20_Rep3.txt",849.txt
0849,"Instance_150_5_5_0,4_0,2_20_Rep4.txt",850.txt
0850,"Instance_150_5_5_0,4_0,6_10_Rep0.txt",851.txt
0851,"Instance_150_5_5_0,4_0,6_10_Rep1.txt",852.txt
0852,"Instance_150_5_5_0,4_0,6_10_Rep2.txt",853.txt
0853,"Instance_150_5_5_0,4_0,6_10_Rep3.txt",854.txt
0854,"Instance_150_5_5_0,4_0,6_10_Rep4.txt",855.txt
0855,"Instance_150_5_5_0,4_0,6_20_Rep0.txt",856.txt
0856,"Instance_150_5_5_0,4_0,6_20_Rep1.txt",857.txt
0857,"Instance_150_5_5_0,4_0,6_20_Rep2.txt",858.txt
0858,"Instance_150_5_5_0,4_0,6_20_Rep3.txt",859.txt
0859,"Instance_150_5_5_0,4_0,6_20_Rep4.txt",860.txt
0860,"Instance_150_5_5_0,4_1_10_Rep0.txt",861.txt
0861,"Instance_150_5_5_0,4_1_10_Rep1.txt",862.txt
0862,"Instance_150_5_5_0,4_1_10_Rep2.txt",863.txt
0863,"Instance_150_5_5_0,4_1_10_Rep3.txt",864.txt
0864,"Instance_150_5_5_0,4_1_10_Rep4.txt",865.txt
0865,"Instance_150_5_5_0,4_1_20_Rep0.txt",866.txt
0866,"Instance_150_5_5_0,4_1_20_Rep1.txt",867.txt
0867,"Instance_150_5_5_0,4_1_20_Rep2.txt",868.txt
0868,"Instance_150_5_5_0,4_1_20_Rep3.txt",869.txt
0869,"Instance_150_5_5_0,4_1_20_Rep4.txt",870.txt
0870,"Instance_150_5_5_0,6_0,2_10_Rep0.txt",871.txt
0871,"Instance_150_5_5_0,6_0,2_10_Rep1.txt",872.txt
0872,"Instance_150_5_5_0,6_0,2_10_Rep2.txt",873.txt
0873,"Instance_150_5_5_0,6_0,2_10_Rep3.txt",874.txt
0874,"Instance_150_5_5_0,6_0,2_10_Rep4.txt",875.txt
0875,"Instance_150_5_5_0,6_0,2_20_Rep0.txt",876.txt
0876,"Instance_150_5_5_0,6_0,2_20_Rep1.txt",877.txt
0877,"Instance_150_5_5_0,6_0,2_20_Rep2.txt",878.txt
0878,"Instance_150_5_5_0,6_0,2_20_Rep3.txt",879.txt
0879,"Instance_150_5_5_0,6_0,2_20_Rep4.txt",880.txt
0880,"Instance_150_5_5_0,6_0,6_10_Rep0.txt",881.txt
0881,"Instance_150_5_5_0,6_0,6_10_Rep1.txt",882.txt
0882,"Instance_150_5_5_0,6_0,6_10_Rep2.txt",883.txt
0883,"Instance_150_5_5_0,6_0,6_10_Rep3.txt",884.txt
0884,"Instance_150_5_5_0,6_0,6_10_Rep4.txt",885.txt
0885,"Instance_150_5_5_0,6_0,6_20_Rep0.txt",886.txt
0886,"Instance_150_5_5_0,6_0,6_20_Rep1.txt",887.txt
0887,"Instance_150_5_5_0,6_0,6_20_Rep2.txt",888.txt
0888,"Instance_150_5_5_0,6_0,6_20_Rep3.txt",889.txt
0889,"Instance_150_5_5_0,6_0,6_20_Rep4.txt",890.txt
0890,"Instance_150_5_5_0,6_1_10_Rep0.txt",891.txt
0891,"Instance_150_5_5_0,6_1_10_Rep1.txt",892.txt
0892,"Instance_150_5_5_0,6_1_10_Rep2.txt",893.txt
0893,"Instance_150_5_5_0,6_1_10_Rep3.txt",894.txt
0894,"Instance_150_5_5_0,6_1_10_Rep4.txt",895.txt
0895,"Instance_150_5_5_0,6_1_20_Rep0.txt",896.txt
0896,"Instance_150_5_5_0,6_1_20_Rep1.txt",897.txt
0897,"Instance_150_5_5_0,6_1_20_Rep2.txt",898.txt
0898,"Instance_150_5_5_0,6_1_20_Rep3.txt",899.txt
0899,"Instance_150_5_5_0,6_1_20_Rep4.txt",900.txt
0900,"Instance_150_10_3_0,2_0,2_10_Rep0.txt",901.txt
0901,"Instance_150_10_3_0,2_0,2_10_Rep1.txt",902.txt
0902,"Instance_150_10_3_0,2_0,2_10_Rep2.txt",903.txt
0903,"Instance_150_10_3_0,2_0,2_10_Rep3.txt",904.txt
0904,"Instance_150_10_3_0,2_0,2_10_Rep4.txt",905.txt
0905,"Instance_150_10_3_0,2_0,2_20_Rep0.txt",906.txt
0906,"Instance_150_10_3_0,2_0,2_20_Rep1.txt",907.txt
0907,"Instance_150_10_3_0,2_0,2_20_Rep2.txt",908.txt
0908,"Instance_150_10_3_0,2_0,2_20_Rep3.txt",909.txt
0909,"Instance_150_10_3_0,2_0,2_20_Rep4.txt",910.txt
0910,"Instance_150_10_3_0,2_0,6_10_Rep0.txt",911.txt
0911,"Instance_150_10_3_0,2_0,6_10_Rep1.txt",912.txt
0912,"Instance_150_10_3_0,2_0,6_10_Rep2.txt",913.txt
0913,"Instance_150_10_3_0,2_0,6_10_Rep3.txt",914.txt
0914,"Instance_150_10_3_0,2_0,6_10_Rep4.txt",915.txt
0915,"Instance_150_10_3_0,2_0,6_20_Rep0.txt",916.txt
0916,"Instance_150_10_3_0,2_0,6_20_Rep1.txt",917.txt
0917,"Instance_150_10_3_0,2_0,6_20_Rep2.txt",918.txt
0918,"Instance_150_10_3_0,2_0,6_20_Rep3.txt",919.txt
0919,"Instance_150_10_3_0,2_0,6_20_Rep4.txt",920.txt
0920,"Instance_150_10_3_0,2_1_10_Rep0.txt",921.txt
0921,"Instance_150_10_3_0,2_1_10_Rep1.txt",922.txt
0922,"Instance_150_10_3_0,2_1_10_Rep2.txt",923.txt
0923,"Instance_150_10_3_0,2_1_10_Rep3.txt",924.txt
0924,"Instance_150_10_3_0,2_1_10_Rep4.txt",925.txt
0925,"Instance_150_10_3_0,2_1_20_Rep0.txt",926.txt
0926,"Instance_150_10_3_0,2_1_20_Rep1.txt",927.txt
0927,"Instance_150_10_3_0,2_1_20_Rep2.txt",928.txt
0928,"Instance_150_10_3_0,2_1_20_Rep3.txt",929.txt
0929,"Instance_150_10_3_0,2_1_20_Rep4.txt",930.txt
0930,"Instance_150_10_3_0,4_0,2_10_Rep0.txt",931.txt
0931,"Instance_150_10_3_0,4_0,2_10_Rep1.txt",932.txt
0932,"Instance_150_10_3_0,4_0,2_10_Rep2.txt",933.txt
0933,"Instance_150_10_3_0,4_0,2_10_Rep3.txt",934.txt
0934,"Instance_150_10_3_0,4_0,2_10_Rep4.txt",935.txt
0935,"Instance_150_10_3_0,4_0,2_20_Rep0.txt",936.txt
0936,"Instance_150_10_3_0,4_0,2_20_Rep1.txt",937.txt
0937,"Instance_150_10_3_0,4_0,2_20_Rep2.txt",938.txt
0938,"Instance_150_10_3_0,4_0,2_20_Rep3.txt",939.txt
0939,"Instance_150_10_3_0,4_0,2_20_Rep4.txt",940.txt
0940,"Instance_150_10_3_0,4_0,6_10_Rep0.txt",941.txt
0941,"Instance_150_10_3_0,4_0,6_10_Rep1.txt",942.txt
0942,"Instance_150_10_3_0,4_0,6_10_Rep2.txt",943.txt
0943,"Instance_150_10_3_0,4_0,6_10_Rep3.txt",944.txt
0944,"Instance_150_10_3_0,4_0,6_10_Rep4.txt",945.txt
0945,"Instance_150_10_3_0,4_0,6_20_Rep0.txt",946.txt
0946,"Instance_150_10_3_0,4_0,6_20_Rep1.txt",947.txt
0947,"Instance_150_10_3_0,4_0,6_20_Rep2.txt",948.txt
0948,"Instance_150_10_3_0,4_0,6_20_Rep3.txt",949.txt
0949,"Instance_150_10_3_0,4_0,6_20_Rep4.txt",950.txt
0950,"Instance_150_10_3_0,4_1_10_Rep0.txt",951.txt
0951,"Instance_150_10_3_0,4_1_10_Rep1.txt",952.txt
0952,"Instance_150_10_3_0,4_1_10_Rep2.txt",953.txt
0953,"Instance_150_10_3_0,4_1_10_Rep3.txt",954.txt
0954,"Instance_150_10_3_0,4_1_10_Rep4.txt",955.txt
0955,"Instance_150_10_3_0,4_1_20_Rep0.txt",956.txt
0956,"Instance_150_10_3_0,4_1_20_Rep1.txt",957.txt
0957,"Instance_150_10_3_0,4_1_20_Rep2.txt",958.txt
0958,"Instance_150_10_3_0,4_1_20_Rep3.txt",959.txt
0959,"Instance_150_10_3_0,4_1_20_Rep4.txt",960.txt
0960,"Instance_150_10_3_0,6_0,2_10_Rep0.txt",961.txt
0961,"Instance_150_10_3_0,6_0,2_10_Rep1.txt",962.txt
0962,"Instance_150_10_3_0,6_0,2_10_Rep2.txt",963.txt
0963,"Instance_150_10_3_0,6_0,2_10_Rep3.txt",964.txt
0964,"Instance_150_10_3_0,6_0,2_10_Rep4.txt",965.txt
0965,"Instance_150_10_3_0,6_0,2_20_Rep0.txt",966.txt
0966,"Instance_150_10_3_0,6_0,2_20_Rep1.txt",967.txt
0967,"Instance_150_10_3_0,6_0,2_20_Rep2.txt",968.txt
0968,"Instance_150_10_3_0,6_0,2_20_Rep3.txt",969.txt
0969,"Instance_150_10_3_0,6_0,2_20_Rep4.txt",970.txt
0970,"Instance_150_10_3_0,6_0,6_10_Rep0.txt",971.txt
0971,"Instance_150_10_3_0,6_0,6_10_Rep1.txt",972.txt
0972,"Instance_150_10_3_0,6_0,6_10_Rep2.txt",973.txt
0973,"Instance_150_10_3_0,6_0,6_10_Rep3.txt",974.txt
0974,"Instance_150_10_3_0,6_0,6_10_Rep4.txt",975.txt
0975,"Instance_150_10_3_0,6_0,6_20_Rep0.txt",976.txt
0976,"Instance_150_10_3_0,6_0,6_20_Rep1.txt",977.txt
0977,"Instance_150_10_3_0,6_0,6_20_Rep2.txt",978.txt
0978,"Instance_150_10_3_0,6_0,6_20_Rep3.txt",979.txt
0979,"Instance_150_10_3_0,6_0,6_20_Rep4.txt",980.txt
0980,"Instance_150_10_3_0,6_1_10_Rep0.txt",981.txt
0981,"Instance_150_10_3_0,6_1_10_Rep1.txt",982.txt
0982,"Instance_150_10_3_0,6_1_10_Rep2.txt",983.txt
0983,"Instance_150_10_3_0,6_1_10_Rep3.txt",984.txt
0984,"Instance_150_10_3_0,6_1_10_Rep4.txt",985.txt
0985,"Instance_150_10_3_0,6_1_20_Rep0.txt",986.txt
0986,"Instance_150_10_3_0,6_1_20_Rep1.txt",987.txt
0987,"Instance_150_10_3_0,6_1_20_Rep2.txt",988.txt
0988,"Instance_150_10_3_0,6_1_20_Rep3.txt",989.txt
0989,"Instance_150_10_3_0,6_1_20_Rep4.txt",990.txt
0990,"Instance_150_10_5_0,2_0,2_10_Rep0.txt",991.txt
0991,"Instance_150_10_5_0,2_0,2_10_Rep1.txt",992.txt
0992,"Instance_150_10_5_0,2_0,2_10_Rep2.txt",993.txt
0993,"Instance_150_10_5_0,2_0,2_10_Rep3.txt",994.txt
0994,"Instance_150_10_5_0,2_0,2_10_Rep4.txt",995.txt
0995,"Instance_150_10_5_0,2_0,2_20_Rep0.txt",996.txt
0996,"Instance_150_10_5_0,2_0,2_20_Rep1.txt",997.txt
0997,"Instance_150_10_5_0,2_0,2_20_Rep2.txt",998.txt
0998,"Instance_150_10_5_0,2_0,2_20_Rep3.txt",999.txt
0999,"Instance_150_10_5_0,2_0,2_20_Rep4.txt",1000.txt
1000,"Instance_150_10_5_0,2_0,6_10_Rep0.txt",1001.txt
1001,"Instance_150_10_5_0,2_0,6_10_Rep1.txt",1002.txt
1002,"Instance_150_10_5_0,2_0,6_10_Rep2.txt",1003.txt
1003,"Instance_150_10_5_0,2_0,6_10_Rep3.txt",1004.txt
1004,"Instance_150_10_5_0,2_0,6_10_Rep4.txt",1005.txt
1005,"Instance_150_10_5_0,2_0,6_20_Rep0.txt",1006.txt
1006,"Instance_150_10_5_0,2_0,6_20_Rep1.txt",1007.txt
1007,"Instance_150_10_5_0,2_0,6_20_Rep2.txt",1008.txt
1008,"Instance_150_10_5_0,2_0,6_20_Rep3.txt",1009.txt
1009,"Instance_150_10_5_0,2_0,6_20_Rep4.txt",1010.txt
1010,"Instance_150_10_5_0,2_1_10_Rep0.txt",1011.txt
1011,"Instance_150_10_5_0,2_1_10_Rep1.txt",1012.txt
1012,"Instance_150_10_5_0,2_1_10_Rep2.txt",1013.txt
1013,"Instance_150_10_5_0,2_1_10_Rep3.txt",1014.txt
1014,"Instance_150_10_5_0,2_1_10_Rep4.txt",1015.txt
1015,"Instance_150_10_5_0,2_1_20_Rep0.txt",1016.txt
1016,"Instance_150_10_5_0,2_1_20_Rep1.txt",1017.txt
1017,"Instance_150_10_5_0,2_1_20_Rep2.txt",1018.txt
1018,"Instance_150_10_5_0,2_1_20_Rep3.txt",1019.txt
1019,"Instance_150_10_5_0,2_1_20_Rep4.txt",1020.txt
1020,"Instance_150_10_5_0,4_0,2_10_Rep0.txt",1021.txt
1021,"Instance_150_10_5_0,4_0,2_10_Rep1.txt",1022.txt
1022,"Instance_150_10_5_0,4_0,2_10_Rep2.txt",1023.txt
1023,"Instance_150_10_5_0,4_0,2_10_Rep3.txt",1024.txt
1024,"Instance_150_10_5_0,4_0,2_10_Rep4.txt",1025.txt
1025,"Instance_150_10_5_0,4_0,2_20_Rep0.txt",1026.txt
1026,"Instance_150_10_5_0,4_0,2_20_Rep1.txt",1027.txt
1027,"Instance_150_10_5_0,4_0,2_20_Rep2.txt",1028.txt
1028,"Instance_150_10_5_0,4_0,2_20_Rep3.txt",1029.txt
1029,"Instance_150_10_5_0,4_0,2_20_Rep4.txt",1030.txt
1030,"Instance_150_10_5_0,4_0,6_10_Rep0.txt",1031.txt
1031,"Instance_150_10_5_0,4_0,6_10_Rep1.txt",1032.txt
1032,"Instance_150_10_5_0,4_0,6_10_Rep2.txt",1033.txt
1033,"Instance_150_10_5_0,4_0,6_10_Rep3.txt",1034.txt
1034,"Instance_150_10_5_0,4_0,6_10_Rep4.txt",1035.txt
1035,"Instance_150_10_5_0,4_0,6_20_Rep0.txt",1036.txt
1036,"Instance_150_10_5_0,4_0,6_20_Rep1.txt",1037.txt
1037,"Instance_150_10_5_0,4_0,6_20_Rep2.txt",1038.txt
1038,"Instance_150_10_5_0,4_0,6_20_Rep3.txt",1039.txt
1039,"Instance_150_10_5_0,4_0,6_20_Rep4.txt",1040.txt
1040,"Instance_150_10_5_0,4_1_10_Rep0.txt",1041.txt
1041,"Instance_150_10_5_0,4_1_10_Rep1.txt",1042.txt
1042,"Instance_150_10_5_0,4_1_10_Rep2.txt",1043.txt
1043,"Instance_150_10_5_0,4_1_10_Rep3.txt",1044.txt
1044,"Instance_150_10_5_0,4_1_10_Rep4.txt",1045.txt
1045,"Instance_150_10_5_0,4_1_20_Rep0.txt",1046.txt
1046,"Instance_150_10_5_0,4_1_20_Rep1.txt",1047.txt
1047,"Instance_150_10_5_0,4_1_20_Rep2.txt",1048.txt
1048,"Instance_150_10_5_0,4_1_20_Rep3.txt",1049.txt
1049,"Instance_150_10_5_0,4_1_20_Rep4.txt",1050.txt
1050,"Instance_150_10_5_0,6_0,2_10_Rep0.txt",1051.txt
1051,"Instance_150_10_5_0,6_0,2_10_Rep1.txt",1052.txt
1052,"Instance_150_10_5_0,6_0,2_10_Rep2.txt",1053.txt
1053,"Instance_150_10_5_0,6_0,2_10_Rep3.txt",1054.txt
1054,"Instance_150_10_5_0,6_0,2_10_Rep4.txt",1055.txt
1055,"Instance_150_10_5_0,6_0,2_20_Rep0.txt",1056.txt
1056,"Instance_150_10_5_0,6_0,2_20_Rep1.txt",1057.txt
1057,"Instance_150_10_5_0,6_0,2_20_Rep2.txt",1058.txt
1058,"Instance_150_10_5_0,6_0,2_20_Rep3.txt",1059.txt
1059,"Instance_150_10_5_0,6_0,2_20_Rep4.txt",1060.txt
1060,"Instance_150_10_5_0,6_0,6_10_Rep0.txt",1061.txt
1061,"Instance_150_10_5_0,6_0,6_10_Rep1.txt",1062.txt
1062,"Instance_150_10_5_0,6_0,6_10_Rep2.txt",1063.txt
1063,"Instance_150_10_5_0,6_0,6_10_Rep3.txt",1064.txt
1064,"Instance_150_10_5_0,6_0,6_10_Rep4.txt",1065.txt
1065,"Instance_150_10_5_0,6_0,6_20_Rep0.txt",1066.txt
1066,"Instance_150_10_5_0,6_0,6_20_Rep1.txt",1067.txt
1067,"Instance_150_10_5_0,6_0,6_20_Rep2.txt",1068.txt
1068,"Instance_150_10_5_0,6_0,6_20_Rep3.txt",1069.txt
1069,"Instance_150_10_5_0,6_0,6_20_Rep4.txt",1070.txt
1070,"Instance_150_10_5_0,6_1_10_Rep0.txt",1071.txt
1071,"Instance_150_10_5_0,6_1_10_Rep1.txt",1072.txt
1072,"Instance_150_10_5_0,6_1_10_Rep2.txt",1073.txt
1073,"Instance_150_10_5_0,6_1_10_Rep3.txt",1074.txt
1074,"Instance_150_10_5_0,6_1_10_Rep4.txt",1075.txt
1075,"Instance_150_10_5_0,6_1_20_Rep0.txt",1076.txt
1076,"Instance_150_10_5_0,6_1_20_Rep1.txt",1077.txt
1077,"Instance_150_10_5_0,6_1_20_Rep2.txt",1078.txt
1078,"Instance_150_10_5_0,6_1_20_Rep3.txt",1079.txt
1079,"Instance_150_10_5_0,6_1_20_Rep4.txt",1080.txt
1080,"Instance_200_5_3_0,2_0,2_10_Rep0.txt",1081.txt
1081,"Instance_200_5_3_0,2_0,2_10_Rep1.txt",1082.txt
1082,"Instance_200_5_3_0,2_0,2_10_Rep2.txt",1083.txt
1083,"Instance_200_5_3_0,2_0,2_10_Rep3.txt",1084.txt
1084,"Instance_200_5_3_0,2_0,2_10_Rep4.txt",1085.txt
1085,"Instance_200_5_3_0,2_0,2_20_Rep0.txt",1086.txt
1086,"Instance_200_5_3_0,2_0,2_20_Rep1.txt",1087.txt
1087,"Instance_200_5_3_0,2_0,2_20_Rep2.txt",1088.txt
1088,"Instance_200_5_3_0,2_0,2_20_Rep3.txt",1089.txt
1089,"Instance_200_5_3_0,2_0,2_20_Rep4.txt",1090.txt
1090,"Instance_200_5_3_0,2_0,6_10_Rep0.txt",1091.txt
1091,"Instance_200_5_3_0,2_0,6_10_Rep1.txt",1092.txt
1092,"Instance_200_5_3_0,2_0,6_10_Rep2.txt",1093.txt
1093,"Instance_200_5_3_0,2_0,6_10_Rep3.txt",1094.txt
1094,"Instance_200_5_3_0,2_0,6_10_Rep4.txt",1095.txt
1095,"Instance_200_5_3_0,2_0,6_20_Rep0.txt",1096.txt
1096,"Instance_200_5_3_0,2_0,6_20_Rep1.txt",1097.txt
1097,"Instance_200_5_3_0,2_0,6_20_Rep2.txt",1098.txt
1098,"Instance_200_5_3_0,2_0,6_20_Rep3.txt",1099.txt
1099,"Instance_200_5_3_0,2_0,6_20_Rep4.txt",1100.txt
1100,"Instance_200_5_3_0,2_1_10_Rep0.txt",1101.txt
1101,"Instance_200_5_3_0,2_1_10_Rep1.txt",1102.txt
1102,"Instance_200_5_3_0,2_1_10_Rep2.txt",1103.txt
1103,"Instance_200_5_3_0,2_1_10_Rep3.txt",1104.txt
1104,"Instance_200_5_3_0,2_1_10_Rep4.txt",1105.txt
1105,"Instance_200_5_3_0,2_1_20_Rep0.txt",1106.txt
1106,"Instance_200_5_3_0,2_1_20_Rep1.txt",1107.txt
1107,"Instance_200_5_3_0,2_1_20_Rep2.txt",1108.txt
1108,"Instance_200_5_3_0,2_1_20_Rep3.txt",1109.txt
1109,"Instance_200_5_3_0,2_1_20_Rep4.txt",1110.txt
1110,"Instance_200_5_3_0,4_0,2_10_Rep0.txt",1111.txt
1111,"Instance_200_5_3_0,4_0,2_10_Rep1.txt",1112.txt
1112,"Instance_200_5_3_0,4_0,2_10_Rep2.txt",1113.txt
1113,"Instance_200_5_3_0,4_0,2_10_Rep3.txt",1114.txt
1114,"Instance_200_5_3_0,4_0,2_10_Rep4.txt",1115.txt
1115,"Instance_200_5_3_0,4_0,2_20_Rep0.txt",1116.txt
1116,"Instance_200_5_3_0,4_0,2_20_Rep1.txt",1117.txt
1117,"Instance_200_5_3_0,4_0,2_20_Rep2.txt",1118.txt
1118,"Instance_200_5_3_0,4_0,2_20_Rep3.txt",1119.txt
1119,"Instance_200_5_3_0,4_0,2_20_Rep4.txt",1120.txt
1120,"Instance_200_5_3_0,4_0,6_10_Rep0.txt",1121.txt
1121,"Instance_200_5_3_0,4_0,6_10_Rep1.txt",1122.txt
1122,"Instance_200_5_3_0,4_0,6_10_Rep2.txt",1123.txt
1123,"Instance_200_5_3_0,4_0,6_10_Rep3.txt",1124.txt
1124,"Instance_200_5_3_0,4_0,6_10_Rep4.txt",1125.txt
1125,"Instance_200_5_3_0,4_0,6_20_Rep0.txt",1126.txt
1126,"Instance_200_5_3_0,4_0,6_20_Rep1.txt",1127.txt
1127,"Instance_200_5_3_0,4_0,6_20_Rep2.txt",1128.txt
1128,"Instance_200_5_3_0,4_0,6_20_Rep3.txt",1129.txt
1129,"Instance_200_5_3_0,4_0,6_20_Rep4.txt",1130.txt
1130,"Instance_200_5_3_0,4_1_10_Rep0.txt",1131.txt
1131,"Instance_200_5_3_0,4_1_10_Rep1.txt",1132.txt
1132,"Instance_200_5_3_0,4_1_10_Rep2.txt",1133.txt
1133,"Instance_200_5_3_0,4_1_10_Rep3.txt",1134.txt
1134,"Instance_200_5_3_0,4_1_10_Rep4.txt",1135.txt
1135,"Instance_200_5_3_0,4_1_20_Rep0.txt",1136.txt
1136,"Instance_200_5_3_0,4_1_20_Rep1.txt",1137.txt
1137,"Instance_200_5_3_0,4_1_20_Rep2.txt",1138.txt
1138,"Instance_200_5_3_0,4_1_20_Rep3.txt",1139.txt
1139,"Instance_200_5_3_0,4_1_20_Rep4.txt",1140.txt
1140,"Instance_200_5_3_0,6_0,2_10_Rep0.txt",1141.txt
1141,"Instance_200_5_3_0,6_0,2_10_Rep1.txt",1142.txt
1142,"Instance_200_5_3_0,6_0,2_10_Rep2.txt",1143.txt
1143,"Instance_200_5_3_0,6_0,2_10_Rep3.txt",1144.txt
1144,"Instance_200_5_3_0,6_0,2_10_Rep4.txt",1145.txt
1145,"Instance_200_5_3_0,6_0,2_20_Rep0.txt",1146.txt
1146,"Instance_200_5_3_0,6_0,2_20_Rep1.txt",1147.txt
1147,"Instance_200_5_3_0,6_0,2_20_Rep2.txt",1148.txt
1148,"Instance_200_5_3_0,6_0,2_20_Rep3.txt",1149.txt
1149,"Instance_200_5_3_0,6_0,2_20_Rep4.txt",1150.txt
1150,"Instance_200_5_3_0,6_0,6_10_Rep0.txt",1151.txt
1151,"Instance_200_5_3_0,6_0,6_10_Rep1.txt",1152.txt
1152,"Instance_200_5_3_0,6_0,6_10_Rep2.txt",1153.txt
1153,"Instance_200_5_3_0,6_0,6_10_Rep3.txt",1154.txt
1154,"Instance_200_5_3_0,6_0,6_10_Rep4.txt",1155.txt
1155,"Instance_200_5_3_0,6_0,6_20_Rep0.txt",1156.txt
1156,"Instance_200_5_3_0,6_0,6_20_Rep1.txt",1157.txt
1157,"Instance_200_5_3_0,6_0,6_20_Rep2.txt",1158.txt
1158,"Instance_200_5_3_0,6_0,6_20_Rep3.txt",1159.txt
1159,"Instance_200_5_3_0,6_0,6_20_Rep4.txt",1160.txt
1160,"Instance_200_5_3_0,6_1_10_Rep0.txt",1161.txt
1161,"Instance_200_5_3_0,6_1_10_Rep1.txt",1162.txt
1162,"Instance_200_5_3_0,6_1_10_Rep2.txt",1163.txt
1163,"Instance_200_5_3_0,6_1_10_Rep3.txt",1164.txt
1164,"Instance_200_5_3_0,6_1_10_Rep4.txt",1165.txt
1165,"Instance_200_5_3_0,6_1_20_Rep0.txt",1166.txt
1166,"Instance_200_5_3_0,6_1_20_Rep1.txt",1167.txt
1167,"Instance_200_5_3_0,6_1_20_Rep2.txt",1168.txt
1168,"Instance_200_5_3_0,6_1_20_Rep3.txt",1169.txt
1169,"Instance_200_5_3_0,6_1_20_Rep4.txt",1170.txt
1170,"Instance_200_5_5_0,2_0,2_10_Rep0.txt",1171.txt
1171,"Instance_200_5_5_0,2_0,2_10_Rep1.txt",1172.txt
1172,"Instance_200_5_5_0,2_0,2_10_Rep2.txt",1173.txt
1173,"Instance_200_5_5_0,2_0,2_10_Rep3.txt",1174.txt
1174,"Instance_200_5_5_0,2_0,2_10_Rep4.txt",1175.txt
1175,"Instance_200_5_5_0,2_0,2_20_Rep0.txt",1176.txt
1176,"Instance_200_5_5_0,2_0,2_20_Rep1.txt",1177.txt
1177,"Instance_200_5_5_0,2_0,2_20_Rep2.txt",1178.txt
1178,"Instance_200_5_5_0,2_0,2_20_Rep3.txt",1179.txt
1179,"Instance_200_5_5_0,2_0,2_20_Rep4.txt",1180.txt
1180,"Instance_200_5_5_0,2_0,6_10_Rep0.txt",1181.txt
1181,"Instance_200_5_5_0,2_0,6_10_Rep1.txt",1182.txt
1182,"Instance_200_5_5_0,2_0,6_10_Rep2.txt",1183.txt
1183,"Instance_200_5_5_0,2_0,6_10_Rep3.txt",1184.txt
1184,"Instance_200_5_5_0,2_0,6_10_Rep4.txt",1185.txt
1185,"Instance_200_5_5_0,2_0,6_20_Rep0.txt",1186.txt
1186,"Instance_200_5_5_0,2_0,6_20_Rep1.txt",1187.txt
1187,"Instance_200_5_5_0,2_0,6_20_Rep2.txt",1188.txt
1188,"Instance_200_5_5_0,2_0,6_20_Rep3.txt",1189.txt
1189,"Instance_200_5_5_0,2_0,6_20_Rep4.txt",1190.txt
1190,"Instance_200_5_5_0,2_1_10_Rep0.txt",1191.txt
1191,"Instance_200_5_5_0,2_1_10_Rep1.txt",1192.txt
1192,"Instance_200_5_5_0,2_1_10_Rep2.txt",1193.txt
1193,"Instance_200_5_5_0,2_1_10_Rep3.txt",1194.txt
1194,"Instance_200_5_5_0,2_1_10_Rep4.txt",1195.txt
1195,"Instance_200_5_5_0,2_1_20_Rep0.txt",1196.txt
1196,"Instance_200_5_5_0,2_1_20_Rep1.txt",1197.txt
1197,"Instance_200_5_5_0,2_1_20_Rep2.txt",1198.txt
1198,"Instance_200_5_5_0,2_1_20_Rep3.txt",1199.txt
1199,"Instance_200_5_5_0,2_1_20_Rep4.txt",1200.txt
1200,"Instance_200_5_5_0,4_0,2_10_Rep0.txt",1201.txt
1201,"Instance_200_5_5_0,4_0,2_10_Rep1.txt",1202.txt
1202,"Instance_200_5_5_0,4_0,2_10_Rep2.txt",1203.txt
1203,"Instance_200_5_5_0,4_0,2_10_Rep3.txt",1204.txt
1204,"Instance_200_5_5_0,4_0,2_10_Rep4.txt",1205.txt
1205,"Instance_200_5_5_0,4_0,2_20_Rep0.txt",1206.txt
1206,"Instance_200_5_5_0,4_0,2_20_Rep1.txt",1207.txt
1207,"Instance_200_5_5_0,4_0,2_20_Rep2.txt",1208.txt
1208,"Instance_200_5_5_0,4_0,2_20_Rep3.txt",1209.txt
1209,"Instance_200_5_5_0,4_0,2_20_Rep4.txt",1210.txt
1210,"Instance_200_5_5_0,4_0,6_10_Rep0.txt",1211.txt
1211,"Instance_200_5_5_0,4_0,6_10_Rep1.txt",1212.txt
1212,"Instance_200_5_5_0,4_0,6_10_Rep2.txt",1213.txt
1213,"Instance_200_5_5_0,4_0,6_10_Rep3.txt",1214.txt
1214,"Instance_200_5_5_0,4_0,6_10_Rep4.txt",1215.txt
1215,"Instance_200_5_5_0,4_0,6_20_Rep0.txt",1216.txt
1216,"Instance_200_5_5_0,4_0,6_20_Rep1.txt",1217.txt
1217,"Instance_200_5_5_0,4_0,6_20_Rep2.txt",1218.txt
1218,"Instance_200_5_5_0,4_0,6_20_Rep3.txt",1219.txt
1219,"Instance_200_5_5_0,4_0,6_20_Rep4.txt",1220.txt
1220,"Instance_200_5_5_0,4_1_10_Rep0.txt",1221.txt
1221,"Instance_200_5_5_0,4_1_10_Rep1.txt",1222.txt
1222,"Instance_200_5_5_0,4_1_10_Rep2.txt",1223.txt
1223,"Instance_200_5_5_0,4_1_10_Rep3.txt",1224.txt
1224,"Instance_200_5_5_0,4_1_10_Rep4.txt",1225.txt
1225,"Instance_200_5_5_0,4_1_20_Rep0.txt",1226.txt
1226,"Instance_200_5_5_0,4_1_20_Rep1.txt",1227.txt
1227,"Instance_200_5_5_0,4_1_20_Rep2.txt",1228.txt
1228,"Instance_200_5_5_0,4_1_20_Rep3.txt",1229.txt
1229,"Instance_200_5_5_0,4_1_20_Rep4.txt",1230.txt
1230,"Instance_200_5_5_0,6_0,2_10_Rep0.txt",1231.txt
1231,"Instance_200_5_5_0,6_0,2_10_Rep1.txt",1232.txt
1232,"Instance_200_5_5_0,6_0,2_10_Rep2.txt",1233.txt
1233,"Instance_200_5_5_0,6_0,2_10_Rep3.txt",1234.txt
1234,"Instance_200_5_5_0,6_0,2_10_Rep4.txt",1235.txt
1235,"Instance_200_5_5_0,6_0,2_20_Rep0.txt",1236.txt
1236,"Instance_200_5_5_0,6_0,2_20_Rep1.txt",1237.txt
1237,"Instance_200_5_5_0,6_0,2_20_Rep2.txt",1238.txt
1238,"Instance_200_5_5_0,6_0,2_20_Rep3.txt",1239.txt
1239,"Instance_200_5_5_0,6_0,2_20_Rep4.txt",1240.txt
1240,"Instance_200_5_5_0,6_0,6_10_Rep0.txt",1241.txt
1241,"Instance_200_5_5_0,6_0,6_10_Rep1.txt",1242.txt
1242,"Instance_200_5_5_0,6_0,6_10_Rep2.txt",1243.txt
1243,"Instance_200_5_5_0,6_0,6_10_Rep3.txt",1244.txt
1244,"Instance_200_5_5_0,6_0,6_10_Rep4.txt",1245.txt
1245,"Instance_200_5_5_0,6_0,6_20_Rep0.txt",1246.txt
1246,"Instance_200_5_5_0,6_0,6_20_Rep1.txt",1247.txt
1247,"Instance_200_5_5_0,6_0,6_20_Rep2.txt",1248.txt
1248,"Instance_200_5_5_0,6_0,6_20_Rep3.txt",1249.txt
1249,"Instance_200_5_5_0,6_0,6_20_Rep4.txt",1250.txt
1250,"Instance_200_5_5_0,6_1_10_Rep0.txt",1251.txt
1251,"Instance_200_5_5_0,6_1_10_Rep1.txt",1252.txt
1252,"Instance_200_5_5_0,6_1_10_Rep2.txt",1253.txt
1253,"Instance_200_5_5_0,6_1_10_Rep3.txt",1254.txt
1254,"Instance_200_5_5_0,6_1_10_Rep4.txt",1255.txt
1255,"Instance_200_5_5_0,6_1_20_Rep0.txt",1256.txt
1256,"Instance_200_5_5_0,6_1_20_Rep1.txt",1257.txt
1257,"Instance_200_5_5_0,6_1_20_Rep2.txt",1258.txt
1258,"Instance_200_5_5_0,6_1_20_Rep3.txt",1259.txt
1259,"Instance_200_5_5_0,6_1_20_Rep4.txt",1260.txt
1260,"Instance_200_10_3_0,2_0,2_10_Rep0.txt",1261.txt
1261,"Instance_200_10_3_0,2_0,2_10_Rep1.txt",1262.txt
1262,"Instance_200_10_3_0,2_0,2_10_Rep2.txt",1263.txt
1263,"Instance_200_10_3_0,2_0,2_10_Rep3.txt",1264.txt
1264,"Instance_200_10_3_0,2_0,2_10_Rep4.txt",1265.txt
1265,"Instance_200_10_3_0,2_0,2_20_Rep0.txt",1266.txt
1266,"Instance_200_10_3_0,2_0,2_20_Rep1.txt",1267.txt
1267,"Instance_200_10_3_0,2_0,2_20_Rep2.txt",1268.txt
1268,"Instance_200_10_3_0,2_0,2_20_Rep3.txt",1269.txt
1269,"Instance_200_10_3_0,2_0,2_20_Rep4.txt",1270.txt
1270,"Instance_200_10_3_0,2_0,6_10_Rep0.txt",1271.txt
1271,"Instance_200_10_3_0,2_0,6_10_Rep1.txt",1272.txt
1272,"Instance_200_10_3_0,2_0,6_10_Rep2.txt",1273.txt
1273,"Instance_200_10_3_0,2_0,6_10_Rep3.txt",1274.txt
1274,"Instance_200_10_3_0,2_0,6_10_Rep4.txt",1275.txt
1275,"Instance_200_10_3_0,2_0,6_20_Rep0.txt",1276.txt
1276,"Instance_200_10_3_0,2_0,6_20_Rep1.txt",1277.txt
1277,"Instance_200_10_3_0,2_0,6_20_Rep2.txt",1278.txt
1278,"Instance_200_10_3_0,2_0,6_20_Rep3.txt",1279.txt
1279,"Instance_200_10_3_0,2_0,6_20_Rep4.txt",1280.txt
1280,"Instance_200_10_3_0,2_1_10_Rep0.txt",1281.txt
1281,"Instance_200_10_3_0,2_1_10_Rep1.txt",1282.txt
1282,"Instance_200_10_3_0,2_1_10_Rep2.txt",1283.txt
1283,"Instance_200_10_3_0,2_1_10_Rep3.txt",1284.txt
1284,"Instance_200_10_3_0,2_1_10_Rep4.txt",1285.txt
1285,"Instance_200_10_3_0,2_1_20_Rep0.txt",1286.txt
1286,"Instance_200_10_3_0,2_1_20_Rep1.txt",1287.txt
1287,"Instance_200_10_3_0,2_1_20_Rep2.txt",1288.txt
1288,"Instance_200_10_3_0,2_1_20_Rep3.txt",1289.txt
1289,"Instance_200_10_3_0,2_1_20_Rep4.txt",1290.txt
1290,"Instance_200_10_3_0,4_0,2_10_Rep0.txt",1291.txt
1291,"Instance_200_10_3_0,4_0,2_10_Rep1.txt",1292.txt
1292,"Instance_200_10_3_0,4_0,2_10_Rep2.txt",1293.txt
1293,"Instance_200_10_3_0,4_0,2_10_Rep3.txt",1294.txt
1294,"Instance_200_10_3_0,4_0,2_10_Rep4.txt",1295.txt
1295,"Instance_200_10_3_0,4_0,2_20_Rep0.txt",1296.txt
1296,"Instance_200_10_3_0,4_0,2_20_Rep1.txt",1297.txt
1297,"Instance_200_10_3_0,4_0,2_20_Rep2.txt",1298.txt
1298,"Instance_200_10_3_0,4_0,2_20_Rep3.txt",1299.txt
1299,"Instance_200_10_3_0,4_0,2_20_Rep4.txt",1300.txt
1300,"Instance_200_10_3_0,4_0,6_10_Rep0.txt",1301.txt
1301,"Instance_200_10_3_0,4_0,6_10_Rep1.txt",1302.txt
1302,"Instance_200_10_3_0,4_0,6_10_Rep2.txt",1303.txt
1303,"Instance_200_10_3_0,4_0,6_10_Rep3.txt",1304.txt
1304,"Instance_200_10_3_0,4_0,6_10_Rep4.txt",1305.txt
1305,"Instance_200_10_3_0,4_0,6_20_Rep0.txt",1306.txt
1306,"Instance_200_10_3_0,4_0,6_20_Rep1.txt",1307.txt
1307,"Instance_200_10_3_0,4_0,6_20_Rep2.txt",1308.txt
1308,"Instance_200_10_3_0,4_0,6_20_Rep3.txt",1309.txt
1309,"Instance_200_10_3_0,4_0,6_20_Rep4.txt",1310.txt
1310,"Instance_200_10_3_0,4_1_10_Rep0.txt",1311.txt
1311,"Instance_200_10_3_0,4_1_10_Rep1.txt",1312.txt
1312,"Instance_200_10_3_0,4_1_10_Rep2.txt",1313.txt
1313,"Instance_200_10_3_0,4_1_10_Rep3.txt",1314.txt
1314,"Instance_200_10_3_0,4_1_10_Rep4.txt",1315.txt
1315,"Instance_200_10_3_0,4_1_20_Rep0.txt",1316.txt
1316,"Instance_200_10_3_0,4_1_20_Rep1.txt",1317.txt
1317,"Instance_200_10_3_0,4_1_20_Rep2.txt",1318.txt
1318,"Instance_200_10_3_0,4_1_20_Rep3.txt",1319.txt
1319,"Instance_200_10_3_0,4_1_20_Rep4.txt",1320.txt
1320,"Instance_200_10_3_0,6_0,2_10_Rep0.txt",1321.txt
1321,"Instance_200_10_3_0,6_0,2_10_Rep1.txt",1322.txt
1322,"Instance_200_10_3_0,6_0,2_10_Rep2.txt",1323.txt
1323,"Instance_200_10_3_0,6_0,2_10_Rep3.txt",1324.txt
1324,"Instance_200_10_3_0,6_0,2_10_Rep4.txt",1325.txt
1325,"Instance_200_10_3_0,6_0,2_20_Rep0.txt",1326.txt
1326,"Instance_200_10_3_0,6_0,2_20_Rep1.txt",1327.txt
1327,"Instance_200_10_3_0,6_0,2_20_Rep2.txt",1328.txt
1328,"Instance_200_10_3_0,6_0,2_20_Rep3.txt",1329.txt
1329,"Instance_200_10_3_0,6_0,2_20_Rep4.txt",1330.txt
1330,"Instance_200_10_3_0,6_0,6_10_Rep0.txt",1331.txt
1331,"Instance_200_10_3_0,6_0,6_10_Rep1.txt",1332.txt
1332,"Instance_200_10_3_0,6_0,6_10_Rep2.txt",1333.txt
1333,"Instance_200_10_3_0,6_0,6_10_Rep3.txt",1334.txt
1334,"Instance_200_10_3_0,6_0,6_10_Rep4.txt",1335.txt
1335,"Instance_200_10_3_0,6_0,6_20_Rep0.txt",1336.txt
1336,"Instance_200_10_3_0,6_0,6_20_Rep1.txt",1337.txt
1337,"Instance_200_10_3_0,6_0,6_20_Rep2.txt",1338.txt
1338,"Instance_200_10_3_0,6_0,6_20_Rep3.txt",1339.txt
1339,"Instance_200_10_3_0,6_0,6_20_Rep4.txt",1340.txt
1340,"Instance_200_10_3_0,6_1_10_Rep0.txt",1341.txt
1341,"Instance_200_10_3_0,6_1_10_Rep1.txt",1342.txt
1342,"Instance_200_10_3_0,6_1_10_Rep2.txt",1343.txt
1343,"Instance_200_10_3_0,6_1_10_Rep3.txt",1344.txt
1344,"Instance_200_10_3_0,6_1_10_Rep4.txt",1345.txt
1345,"Instance_200_10_3_0,6_1_20_Rep0.txt",1346.txt
1346,"Instance_200_10_3_0,6_1_20_Rep1.txt",1347.txt
1347,"Instance_200_10_3_0,6_1_20_Rep2.txt",1348.txt
1348,"Instance_200_10_3_0,6_1_20_Rep3.txt",1349.txt
1349,"Instance_200_10_3_0,6_1_20_Rep4.txt",1350.txt
1350,"Instance_200_10_5_0,2_0,2_10_Rep0.txt",1351.txt
1351,"Instance_200_10_5_0,2_0,2_10_Rep1.txt",1352.txt
1352,"Instance_200_10_5_0,2_0,2_10_Rep2.txt",1353.txt
1353,"Instance_200_10_5_0,2_0,2_10_Rep3.txt",1354.txt
1354,"Instance_200_10_5_0,2_0,2_10_Rep4.txt",1355.txt
1355,"Instance_200_10_5_0,2_0,2_20_Rep0.txt",1356.txt
1356,"Instance_200_10_5_0,2_0,2_20_Rep1.txt",1357.txt
1357,"Instance_200_10_5_0,2_0,2_20_Rep2.txt",1358.txt
1358,"Instance_200_10_5_0,2_0,2_20_Rep3.txt",1359.txt
1359,"Instance_200_10_5_0,2_0,2_20_Rep4.txt",1360.txt
1360,"Instance_200_10_5_0,2_0,6_10_Rep0.txt",1361.txt
1361,"Instance_200_10_5_0,2_0,6_10_Rep1.txt",1362.txt
1362,"Instance_200_10_5_0,2_0,6_10_Rep2.txt",1363.txt
1363,"Instance_200_10_5_0,2_0,6_10_Rep3.txt",1364.txt
1364,"Instance_200_10_5_0,2_0,6_10_Rep4.txt",1365.txt
1365,"Instance_200_10_5_0,2_0,6_20_Rep0.txt",1366.txt
1366,"Instance_200_10_5_0,2_0,6_20_Rep1.txt",1367.txt
1367,"Instance_200_10_5_0,2_0,6_20_Rep2.txt",1368.txt
1368,"Instance_200_10_5_0,2_0,6_20_Rep3.txt",1369.txt
1369,"Instance_200_10_5_0,2_0,6_20_Rep4.txt",1370.txt
1370,"Instance_200_10_5_0,2_1_10_Rep0.txt",1371.txt
1371,"Instance_200_10_5_0,2_1_10_Rep1.txt",1372.txt
1372,"Instance_200_10_5_0,2_1_10_Rep2.txt",1373.txt
1373,"Instance_200_10_5_0,2_1_10_Rep3.txt",1374.txt
1374,"Instance_200_10_5_0,2_1_10_Rep4.txt",1375.txt
1375,"Instance_200_10_5_0,2_1_20_Rep0.txt",1376.txt
1376,"Instance_200_10_5_0,2_1_20_Rep1.txt",1377.txt
1377,"Instance_200_10_5_0,2_1_20_Rep2.txt",1378.txt
1378,"Instance_200_10_5_0,2_1_20_Rep3.txt",1379.txt
1379,"Instance_200_10_5_0,2_1_20_Rep4.txt",1380.txt
1380,"Instance_200_10_5_0,4_0,2_10_Rep0.txt",1381.txt
1381,"Instance_200_10_5_0,4_0,2_10_Rep1.txt",1382.txt
1382,"Instance_200_10_5_0,4_0,2_10_Rep2.txt",1383.txt
1383,"Instance_200_10_5_0,4_0,2_10_Rep3.txt",1384.txt
1384,"Instance_200_10_5_0,4_0,2_10_Rep4.txt",1385.txt
1385,"Instance_200_10_5_0,4_0,2_20_Rep0.txt",1386.txt
1386,"Instance_200_10_5_0,4_0,2_20_Rep1.txt",1387.txt
1387,"Instance_200_10_5_0,4_0,2_20_Rep2.txt",1388.txt
1388,"Instance_200_10_5_0,4_0,2_20_Rep3.txt",1389.txt
1389,"Instance_200_10_5_0,4_0,2_20_Rep4.txt",1390.txt
1390,"Instance_200_10_5_0,4_0,6_10_Rep0.txt",1391.txt
1391,"Instance_200_10_5_0,4_0,6_10_Rep1.txt",1392.txt
1392,"Instance_200_10_5_0,4_0,6_10_Rep2.txt",1393.txt
1393,"Instance_200_10_5_0,4_0,6_10_Rep3.txt",1394.txt
1394,"Instance_200_10_5_0,4_0,6_10_Rep4.txt",1395.txt
1395,"Instance_200_10_5_0,4_0,6_20_Rep0.txt",1396.txt
1396,"Instance_200_10_5_0,4_0,6_20_Rep1.txt",1397.txt
1397,"Instance_200_10_5_0,4_0,6_20_Rep2.txt",1398.txt
1398,"Instance_200_10_5_0,4_0,6_20_Rep3.txt",1399.txt
1399,"Instance_200_10_5_0,4_0,6_20_Rep4.txt",1400.txt
1400,"Instance_200_10_5_0,4_1_10_Rep0.txt",1401.txt
1401,"Instance_200_10_5_0,4_1_10_Rep1.txt",1402.txt
1402,"Instance_200_10_5_0,4_1_10_Rep2.txt",1403.txt
1403,"Instance_200_10_5_0,4_1_10_Rep3.txt",1404.txt
1404,"Instance_200_10_5_0,4_1_10_Rep4.txt",1405.txt
1405,"Instance_200_10_5_0,4_1_20_Rep0.txt",1406.txt
1406,"Instance_200_10_5_0,4_1_20_Rep1.txt",1407.txt
1407,"Instance_200_10_5_0,4_1_20_Rep2.txt",1408.txt
1408,"Instance_200_10_5_0,4_1_20_Rep3.txt",1409.txt
1409,"Instance_200_10_5_0,4_1_20_Rep4.txt",1410.txt
1410,"Instance_200_10_5_0,6_0,2_10_Rep0.txt",1411.txt
1411,"Instance_200_10_5_0,6_0,2_10_Rep1.txt",1412.txt
1412,"Instance_200_10_5_0,6_0,2_10_Rep2.txt",1413.txt
1413,"Instance_200_10_5_0,6_0,2_10_Rep3.txt",1414.txt
1414,"Instance_200_10_5_0,6_0,2_10_Rep4.txt",1415.txt
1415,"Instance_200_10_5_0,6_0,2_20_Rep0.txt",1416.txt
1416,"Instance_200_10_5_0,6_0,2_20_Rep1.txt",1417.txt
1417,"Instance_200_10_5_0,6_0,2_20_Rep2.txt",1418.txt
1418,"Instance_200_10_5_0,6_0,2_20_Rep3.txt",1419.txt
1419,"Instance_200_10_5_0,6_0,2_20_Rep4.txt",1420.txt
1420,"Instance_200_10_5_0,6_0,6_10_Rep0.txt",1421.txt
1421,"Instance_200_10_5_0,6_0,6_10_Rep1.txt",1422.txt
1422,"Instance_200_10_5_0,6_0,6_10_Rep2.txt",1423.txt
1423,"Instance_200_10_5_0,6_0,6_10_Rep3.txt",1424.txt
1424,"Instance_200_10_5_0,6_0,6_10_Rep4.txt",1425.txt
1425,"Instance_200_10_5_0,6_0,6_20_Rep0.txt",1426.txt
1426,"Instance_200_10_5_0,6_0,6_20_Rep1.txt",1427.txt
1427,"Instance_200_10_5_0,6_0,6_20_Rep2.txt",1428.txt
1428,"Instance_200_10_5_0,6_0,6_20_Rep3.txt",1429.txt
1429,"Instance_200_10_5_0,6_0,6_20_Rep4.txt",1430.txt
1430,"Instance_200_10_5_0,6_1_10_Rep0.txt",1431.txt
1431,"Instance_200_10_5_0,6_1_10_Rep1.txt",1432.txt
1432,"Instance_200_10_5_0,6_1_10_Rep2.txt",1433.txt
1433,"Instance_200_10_5_0,6_1_10_Rep3.txt",1434.txt
1434,"Instance_200_10_5_0,6_1_10_Rep4.txt",1435.txt
1435,"Instance_200_10_5_0,6_1_20_Rep0.txt",1436.txt
1436,"Instance_200_10_5_0,6_1_20_Rep1.txt",1437.txt
1437,"Instance_200_10_5_0,6_1_20_Rep2.txt",1438.txt
1438,"Instance_200_10_5_0,6_1_20_Rep3.txt",1439.txt
1439,"Instance_200_10_5_0,6_1_20_Rep4.txt",1440.txt
