insIndex,n,c,totalMcCount,T,R,W,BKS_data,BKS_calc,BKS_T,BKS_F
0000,50,5,15,0.2,0.2,10,8952,9900,10009,9900
0001,50,5,15,0.2,0.2,10,6766,8031,8031,9598
0002,50,5,15,0.2,0.2,10,10381,11089,11089,11456
0003,50,5,15,0.2,0.2,10,8471,8961,9281,8961
0004,50,5,15,0.2,0.2,10,13331,14974,14974,15112
0005,50,5,15,0.2,0.2,20,5198,5230,5230,5491
0006,50,5,15,0.2,0.2,20,8637,9296,9296,9706
0007,50,5,15,0.2,0.2,20,5689,6030,6267,6030
0008,50,5,15,0.2,0.2,20,6555,6718,6718,6894
0009,50,5,15,0.2,0.2,20,5922,6277,6277,7026
0010,50,5,15,0.2,0.6,10,1879,2002,2002,2805
0011,50,5,15,0.2,0.6,10,2934,3177,3177,3569
0012,50,5,15,0.2,0.6,10,2481,2503,2503,3079
0013,50,5,15,0.2,0.6,10,438,1136,1136,1712
0014,50,5,15,0.2,0.6,10,1006,1646,1884,1646
0015,50,5,15,0.2,0.6,20,1287,1709,1709,1952
0016,50,5,15,0.2,0.6,20,451,609,609,1149
0017,50,5,15,0.2,0.6,20,819,1266,1266,1854
0018,50,5,15,0.2,0.6,20,124,181,181,866
0019,50,5,15,0.2,0.6,20,1891,2865,2890,2865
0020,50,5,15,0.2,1.0,10,120,91,91,457
0021,50,5,15,0.2,1.0,10,42,182,182,207
0022,50,5,15,0.2,1.0,10,370,647,647,1018
0023,50,5,15,0.2,1.0,10,159,255,255,441
0024,50,5,15,0.2,1.0,10,92,436,436,656
0025,50,5,15,0.2,1.0,20,106,121,121,121
0026,50,5,15,0.2,1.0,20,0,336,336,521
0027,50,5,15,0.2,1.0,20,192,539,568,539
0028,50,5,15,0.2,1.0,20,0,197,197,307
0029,50,5,15,0.2,1.0,20,0,220,220,260
0030,50,5,15,0.4,0.2,10,16751,16877,16877,17371
0031,50,5,15,0.4,0.2,10,17391,17472,17472,18267
0032,50,5,15,0.4,0.2,10,12682,12788,12788,13567
0033,50,5,15,0.4,0.2,10,14304,15972,15972,16210
0034,50,5,15,0.4,0.2,10,18803,18803,18803,19794
0035,50,5,15,0.4,0.2,20,13034,13443,13443,13791
0036,50,5,15,0.4,0.2,20,17461,18771,18815,18771
0037,50,5,15,0.4,0.2,20,16796,16893,16893,17528
0038,50,5,15,0.4,0.2,20,15238,15475,15475,15797
0039,50,5,15,0.4,0.2,20,15638,16011,16011,16371
0040,50,5,15,0.4,0.6,10,7556,7626,7626,8197
0041,50,5,15,0.4,0.6,10,3623,3811,3811,4078
0042,50,5,15,0.4,0.6,10,6249,6762,6810,6762
0043,50,5,15,0.4,0.6,10,11753,12067,12067,12472
0044,50,5,15,0.4,0.6,10,5833,6061,6061,6391
0045,50,5,15,0.4,0.6,20,4115,4115,4115,4437
0046,50,5,15,0.4,0.6,20,4251,4322,4322,4709
0047,50,5,15,0.4,0.6,20,2392,2641,2641,2656
0048,50,5,15,0.4,0.6,20,5880,6072,6072,6551
0049,50,5,15,0.4,0.6,20,7794,7894,7894,8317
0050,50,5,15,0.4,1.0,10,8358,8398,8398,8418
0051,50,5,15,0.4,1.0,10,11613,11653,11653,11840
0052,50,5,15,0.4,1.0,10,10426,10434,10434,10697
0053,50,5,15,0.4,1.0,10,9144,9323,9323,9453
0054,50,5,15,0.4,1.0,10,8214,8216,8216,8678
0055,50,5,15,0.4,1.0,20,11924,11924,11924,12478
0056,50,5,15,0.4,1.0,20,4093,4133,4133,4557
0057,50,5,15,0.4,1.0,20,11685,11685,11685,11782
0058,50,5,15,0.4,1.0,20,3206,3206,3206,3429
0059,50,5,15,0.4,1.0,20,4774,4828,4828,5225
0060,50,5,15,0.6,0.2,10,40952,40898,40898,41471
0061,50,5,15,0.6,0.2,10,30825,31178,31195,31178
0062,50,5,15,0.6,0.2,10,34590,34909,34909,35439
0063,50,5,15,0.6,0.2,10,34617,34617,34617,35321
0064,50,5,15,0.6,0.2,10,33877,33926,33926,34481
0065,50,5,15,0.6,0.2,20,30919,30962,30962,31086
0066,50,5,15,0.6,0.2,20,25328,25371,25371,25603
0067,50,5,15,0.6,0.2,20,34958,35261,35261,35474
0068,50,5,15,0.6,0.2,20,37748,37748,37748,37760
0069,50,5,15,0.6,0.2,20,29592,29880,29880,30351
0070,50,5,15,0.6,0.6,10,40745,40745,40745,41052
0071,50,5,15,0.6,0.6,10,34125,34275,34275,34837
0072,50,5,15,0.6,0.6,10,39760,39760,39760,39902
0073,50,5,15,0.6,0.6,10,24893,25453,25453,26051
0074,50,5,15,0.6,0.6,10,31848,32112,32112,32288
0075,50,5,15,0.6,0.6,20,26764,26833,26833,27047
0076,50,5,15,0.6,0.6,20,34077,34025,34025,34390
0077,50,5,15,0.6,0.6,20,39515,39695,39695,39982
0078,50,5,15,0.6,0.6,20,37356,37374,37374,37420
0079,50,5,15,0.6,0.6,20,34940,35276,35276,35670
0080,50,5,15,0.6,1.0,10,32998,33029,33029,33083
0081,50,5,15,0.6,1.0,10,39644,39644,39644,39754
0082,50,5,15,0.6,1.0,10,41858,41858,41858,42157
0083,50,5,15,0.6,1.0,10,26746,26811,26811,27493
0084,50,5,15,0.6,1.0,10,48685,48685,48685,48847
0085,50,5,15,0.6,1.0,20,30223,30268,30268,30846
0086,50,5,15,0.6,1.0,20,35609,35581,35581,36484
0087,50,5,15,0.6,1.0,20,23717,23717,23717,24253
0088,50,5,15,0.6,1.0,20,32447,32441,32441,32706
0089,50,5,15,0.6,1.0,20,20688,20688,20688,20910
0090,50,5,25,0.2,0.2,10,6370,7648,7648,7732
0091,50,5,25,0.2,0.2,10,5601,6104,6104,6618
0092,50,5,25,0.2,0.2,10,6201,6468,6468,7422
0093,50,5,25,0.2,0.2,10,7685,7934,8158,7934
0094,50,5,25,0.2,0.2,10,4775,5983,6256,5983
0095,50,5,25,0.2,0.2,20,2782,2914,2914,3155
0096,50,5,25,0.2,0.2,20,4901,5143,5143,5569
0097,50,5,25,0.2,0.2,20,3912,4162,4162,4907
0098,50,5,25,0.2,0.2,20,5271,5630,5630,5688
0099,50,5,25,0.2,0.2,20,2857,3209,3357,3209
0100,50,5,25,0.2,0.6,10,1308,2050,2050,2261
0101,50,5,25,0.2,0.6,10,2867,3348,3348,3961
0102,50,5,25,0.2,0.6,10,2338,2577,2577,3165
0103,50,5,25,0.2,0.6,10,1966,2660,2673,2660
0104,50,5,25,0.2,0.6,10,1086,1471,1471,1905
0105,50,5,25,0.2,0.6,20,1497,1591,1729,1591
0106,50,5,25,0.2,0.6,20,265,336,336,460
0107,50,5,25,0.2,0.6,20,990,1295,1295,1443
0108,50,5,25,0.2,0.6,20,0,664,664,677
0109,50,5,25,0.2,0.6,20,289,782,782,786
0110,50,5,25,0.2,1.0,10,1554,1928,1959,1928
0111,50,5,25,0.2,1.0,10,889,951,951,1169
0112,50,5,25,0.2,1.0,10,3854,4318,4318,4537
0113,50,5,25,0.2,1.0,10,3115,3164,3164,3181
0114,50,5,25,0.2,1.0,10,913,1614,1614,1784
0115,50,5,25,0.2,1.0,20,2996,3023,3023,3115
0116,50,5,25,0.2,1.0,20,1342,1611,1611,1611
0117,50,5,25,0.2,1.0,20,183,325,325,505
0118,50,5,25,0.2,1.0,20,159,449,449,579
0119,50,5,25,0.2,1.0,20,2157,2374,2374,2394
0120,50,5,25,0.4,0.2,10,11789,13055,13055,13337
0121,50,5,25,0.4,0.2,10,12458,12594,12594,12694
0122,50,5,25,0.4,0.2,10,12307,12310,12310,12701
0123,50,5,25,0.4,0.2,10,14664,14720,14720,14871
0124,50,5,25,0.4,0.2,10,14086,14282,14282,14461
0125,50,5,25,0.4,0.2,20,8586,8638,8638,8958
0126,50,5,25,0.4,0.2,20,12902,13715,13715,13722
0127,50,5,25,0.4,0.2,20,13006,13093,13093,13747
0128,50,5,25,0.4,0.2,20,11537,11815,11815,11869
0129,50,5,25,0.4,0.2,20,10207,10309,10309,10680
0130,50,5,25,0.4,0.6,10,9640,9782,9782,9790
0131,50,5,25,0.4,0.6,10,19553,19668,19668,19823
0132,50,5,25,0.4,0.6,10,10187,10324,10324,10575
0133,50,5,25,0.4,0.6,10,16829,16851,16851,16923
0134,50,5,25,0.4,0.6,10,8463,8466,8466,8619
0135,50,5,25,0.4,0.6,20,9712,10381,10381,10403
0136,50,5,25,0.4,0.6,20,8911,8911,8911,9015
0137,50,5,25,0.4,0.6,20,10962,11350,11350,11395
0138,50,5,25,0.4,0.6,20,12083,12083,12083,12119
0139,50,5,25,0.4,0.6,20,5327,5663,5663,5720
0140,50,5,25,0.4,1.0,10,9688,10042,10042,10058
0141,50,5,25,0.4,1.0,10,11005,11007,11007,11055
0142,50,5,25,0.4,1.0,10,14588,14588,14588,14625
0143,50,5,25,0.4,1.0,10,18202,18232,18232,18334
0144,50,5,25,0.4,1.0,10,21864,21864,21864,22096
0145,50,5,25,0.4,1.0,20,11593,11702,11716,11702
0146,50,5,25,0.4,1.0,20,18193,18293,18293,18399
0147,50,5,25,0.4,1.0,20,5562,5562,5562,5562
0148,50,5,25,0.4,1.0,20,5778,5778,5778,5778
0149,50,5,25,0.4,1.0,20,16248,16248,16248,16484
0150,50,5,25,0.6,0.2,10,29437,29437,29437,29489
0151,50,5,25,0.6,0.2,10,27038,27300,27300,27318
0152,50,5,25,0.6,0.2,10,32684,32684,32684,32684
0153,50,5,25,0.6,0.2,10,36910,37328,37328,37339
0154,50,5,25,0.6,0.2,10,33347,33474,33474,33536
0155,50,5,25,0.6,0.2,20,34522,34765,34765,34863
0156,50,5,25,0.6,0.2,20,22109,22367,22367,22415
0157,50,5,25,0.6,0.2,20,31237,31241,31241,31241
0158,50,5,25,0.6,0.2,20,33316,33603,33603,33620
0159,50,5,25,0.6,0.2,20,26571,26627,26627,26917
0160,50,5,25,0.6,0.6,10,37439,37439,37439,37750
0161,50,5,25,0.6,0.6,10,48480,48504,48504,48597
0162,50,5,25,0.6,0.6,10,31304,31459,31459,31669
0163,50,5,25,0.6,0.6,10,29398,29422,29422,29473
0164,50,5,25,0.6,0.6,10,29624,29747,29747,29816
0165,50,5,25,0.6,0.6,20,24354,24538,24538,24732
0166,50,5,25,0.6,0.6,20,28503,28515,28515,29138
0167,50,5,25,0.6,0.6,20,27659,27691,27691,27789
0168,50,5,25,0.6,0.6,20,24620,24620,24620,24620
0169,50,5,25,0.6,0.6,20,30145,30507,30507,30628
0170,50,5,25,0.6,1.0,10,30826,30826,30826,30826
0171,50,5,25,0.6,1.0,10,34486,34486,34486,34486
0172,50,5,25,0.6,1.0,10,28871,28871,28871,28935
0173,50,5,25,0.6,1.0,10,46107,46107,46107,46316
0174,50,5,25,0.6,1.0,10,32922,32922,32922,33129
0175,50,5,25,0.6,1.0,20,41240,41240,41240,41242
0176,50,5,25,0.6,1.0,20,25631,26161,26161,26366
0177,50,5,25,0.6,1.0,20,42230,42397,42397,42412
0178,50,5,25,0.6,1.0,20,35992,36015,36015,36843
0179,50,5,25,0.6,1.0,20,28198,28198,28198,28232
0180,50,10,30,0.2,0.2,10,10720,11004,11004,11253
0181,50,10,30,0.2,0.2,10,13720,13933,13933,14216
0182,50,10,30,0.2,0.2,10,12182,12256,12256,12937
0183,50,10,30,0.2,0.2,10,10249,11121,11121,12252
0184,50,10,30,0.2,0.2,10,10208,12626,12626,13347
0185,50,10,30,0.2,0.2,20,6325,6583,6583,6876
0186,50,10,30,0.2,0.2,20,6221,6420,6420,7326
0187,50,10,30,0.2,0.2,20,4419,5541,5541,6104
0188,50,10,30,0.2,0.2,20,6955,7669,7669,8258
0189,50,10,30,0.2,0.2,20,4902,6705,6705,6756
0190,50,10,30,0.2,0.6,10,8735,8695,8695,10359
0191,50,10,30,0.2,0.6,10,2888,3763,3763,5005
0192,50,10,30,0.2,0.6,10,2946,3771,3771,4382
0193,50,10,30,0.2,0.6,10,2497,3003,3003,3833
0194,50,10,30,0.2,0.6,10,1738,3059,3059,3998
0195,50,10,30,0.2,0.6,20,2233,2579,2579,3198
0196,50,10,30,0.2,0.6,20,3764,3899,3899,5149
0197,50,10,30,0.2,0.6,20,2600,3190,3190,3721
0198,50,10,30,0.2,0.6,20,0,183,183,358
0199,50,10,30,0.2,0.6,20,104,336,336,1596
0200,50,10,30,0.2,1.0,10,4017,4017,4017,4167
0201,50,10,30,0.2,1.0,10,4600,4600,4600,5278
0202,50,10,30,0.2,1.0,10,9686,9917,9917,10114
0203,50,10,30,0.2,1.0,10,1038,1224,1781,1224
0204,50,10,30,0.2,1.0,10,13184,13508,13508,13645
0205,50,10,30,0.2,1.0,20,674,716,716,788
0206,50,10,30,0.2,1.0,20,6715,7069,7069,7594
0207,50,10,30,0.2,1.0,20,3191,3266,3266,4147
0208,50,10,30,0.2,1.0,20,2771,2771,2771,2803
0209,50,10,30,0.2,1.0,20,291,321,321,321
0210,50,10,30,0.4,0.2,10,32123,33205,33205,34106
0211,50,10,30,0.4,0.2,10,29119,29125,29125,30250
0212,50,10,30,0.4,0.2,10,30729,30658,30658,31127
0213,50,10,30,0.4,0.2,10,32527,33258,33258,35777
0214,50,10,30,0.4,0.2,10,28191,28215,28215,28736
0215,50,10,30,0.4,0.2,20,18622,18906,18906,20829
0216,50,10,30,0.4,0.2,20,24851,25151,25151,26486
0217,50,10,30,0.4,0.2,20,15952,17102,17102,17359
0218,50,10,30,0.4,0.2,20,25339,26033,26033,26751
0219,50,10,30,0.4,0.2,20,29073,29250,29250,30312
0220,50,10,30,0.4,0.6,10,21575,21686,21686,22617
0221,50,10,30,0.4,0.6,10,31462,31462,31462,32040
0222,50,10,30,0.4,0.6,10,23135,23135,23135,23297
0223,50,10,30,0.4,0.6,10,23252,23252,23252,24353
0224,50,10,30,0.4,0.6,10,28545,29137,29137,30103
0225,50,10,30,0.4,0.6,20,23582,24114,24114,25864
0226,50,10,30,0.4,0.6,20,26921,27918,27918,28493
0227,50,10,30,0.4,0.6,20,23851,23821,23821,25528
0228,50,10,30,0.4,0.6,20,29790,30054,30054,31571
0229,50,10,30,0.4,0.6,20,21505,21505,21505,21752
0230,50,10,30,0.4,1.0,10,53034,53034,53034,53201
0231,50,10,30,0.4,1.0,10,31318,31318,31318,31760
0232,50,10,30,0.4,1.0,10,22375,22427,22427,23503
0233,50,10,30,0.4,1.0,10,46884,46918,46918,47824
0234,50,10,30,0.4,1.0,10,24797,25156,25156,25478
0235,50,10,30,0.4,1.0,20,28312,28312,28312,28732
0236,50,10,30,0.4,1.0,20,35204,35204,35204,36340
0237,50,10,30,0.4,1.0,20,16866,16866,16866,17379
0238,50,10,30,0.4,1.0,20,39317,39668,39668,40201
0239,50,10,30,0.4,1.0,20,27382,27462,27462,27965
0240,50,10,30,0.6,0.2,10,59751,59764,59764,61418
0241,50,10,30,0.6,0.2,10,74988,75079,75079,76145
0242,50,10,30,0.6,0.2,10,76982,76982,76982,77177
0243,50,10,30,0.6,0.2,10,73348,73994,73994,74674
0244,50,10,30,0.6,0.2,10,62049,62049,62049,63034
0245,50,10,30,0.6,0.2,20,59528,59641,59641,59966
0246,50,10,30,0.6,0.2,20,76366,76366,76366,77585
0247,50,10,30,0.6,0.2,20,43050,43419,43419,44512
0248,50,10,30,0.6,0.2,20,62311,62397,62397,63177
0249,50,10,30,0.6,0.2,20,68087,68087,68087,68850
0250,50,10,30,0.6,0.6,10,74248,74248,74248,74636
0251,50,10,30,0.6,0.6,10,78503,78503,78503,78881
0252,50,10,30,0.6,0.6,10,66519,66770,66770,67669
0253,50,10,30,0.6,0.6,10,92125,92125,92125,93598
0254,50,10,30,0.6,0.6,10,73728,73836,73836,74140
0255,50,10,30,0.6,0.6,20,63157,63157,63157,63510
0256,50,10,30,0.6,0.6,20,62693,62705,62705,63229
0257,50,10,30,0.6,0.6,20,50340,50452,50452,50731
0258,50,10,30,0.6,0.6,20,70724,70851,70851,71164
0259,50,10,30,0.6,0.6,20,73508,73508,73508,74127
0260,50,10,30,0.6,1.0,10,43347,43410,43410,43585
0261,50,10,30,0.6,1.0,10,73332,73390,73390,73681
0262,50,10,30,0.6,1.0,10,65641,65641,65641,66231
0263,50,10,30,0.6,1.0,10,72205,72205,72205,72812
0264,50,10,30,0.6,1.0,10,64072,64057,64057,64057
0265,50,10,30,0.6,1.0,20,85471,85647,85647,86229
0266,50,10,30,0.6,1.0,20,67310,67218,67218,68240
0267,50,10,30,0.6,1.0,20,64852,64782,64782,65119
0268,50,10,30,0.6,1.0,20,85045,85045,85045,86173
0269,50,10,30,0.6,1.0,20,71853,71853,71853,73156
0270,50,10,50,0.2,0.2,10,10650,10693,10693,11384
0271,50,10,50,0.2,0.2,10,9533,10326,10342,10326
0272,50,10,50,0.2,0.2,10,5702,6565,6565,6642
0273,50,10,50,0.2,0.2,10,7365,8693,9036,8693
0274,50,10,50,0.2,0.2,10,12842,13228,13228,13449
0275,50,10,50,0.2,0.2,20,6218,7233,7233,7315
0276,50,10,50,0.2,0.2,20,9372,10306,10306,10851
0277,50,10,50,0.2,0.2,20,6862,7475,7475,7659
0278,50,10,50,0.2,0.2,20,6586,7469,7469,7910
0279,50,10,50,0.2,0.2,20,7461,7832,7832,7852
0280,50,10,50,0.2,0.6,10,7032,6885,6885,7397
0281,50,10,50,0.2,0.6,10,13477,13490,13490,14127
0282,50,10,50,0.2,0.6,10,10482,10639,10639,10660
0283,50,10,50,0.2,0.6,10,4223,4317,4317,4683
0284,50,10,50,0.2,0.6,10,8812,8893,8893,9275
0285,50,10,50,0.2,0.6,20,1149,1271,1271,1403
0286,50,10,50,0.2,0.6,20,2153,2153,2153,2293
0287,50,10,50,0.2,0.6,20,5383,5965,5965,6429
0288,50,10,50,0.2,0.6,20,5001,5033,5033,5181
0289,50,10,50,0.2,0.6,20,6223,6358,6358,7053
0290,50,10,50,0.2,1.0,10,4861,5043,5043,5079
0291,50,10,50,0.2,1.0,10,11297,11767,11767,12242
0292,50,10,50,0.2,1.0,10,25974,26389,26389,26565
0293,50,10,50,0.2,1.0,10,25770,25773,25773,26106
0294,50,10,50,0.2,1.0,10,14783,14783,14783,15050
0295,50,10,50,0.2,1.0,20,9969,10387,10387,10525
0296,50,10,50,0.2,1.0,20,8823,8940,9078,8940
0297,50,10,50,0.2,1.0,20,13343,13602,13602,14630
0298,50,10,50,0.2,1.0,20,13649,14104,14104,14252
0299,50,10,50,0.2,1.0,20,10915,10915,10915,10969
0300,50,10,50,0.4,0.2,10,35754,35758,35758,36107
0301,50,10,50,0.4,0.2,10,30916,30919,30919,31439
0302,50,10,50,0.4,0.2,10,28835,29016,29016,29022
0303,50,10,50,0.4,0.2,10,28125,28577,28577,28799
0304,50,10,50,0.4,0.2,10,27384,27504,27504,27582
0305,50,10,50,0.4,0.2,20,26794,27254,27254,27254
0306,50,10,50,0.4,0.2,20,23063,23619,23619,23672
0307,50,10,50,0.4,0.2,20,31582,31615,31615,31699
0308,50,10,50,0.4,0.2,20,25120,25202,25202,25228
0309,50,10,50,0.4,0.2,20,31387,31449,31449,32392
0310,50,10,50,0.4,0.6,10,36067,36095,36095,36650
0311,50,10,50,0.4,0.6,10,30683,30695,30695,31110
0312,50,10,50,0.4,0.6,10,38819,38793,38793,38977
0313,50,10,50,0.4,0.6,10,27432,27453,27453,27604
0314,50,10,50,0.4,0.6,10,27643,28347,28347,28817
0315,50,10,50,0.4,0.6,20,28406,28430,28430,28653
0316,50,10,50,0.4,0.6,20,30396,30396,30396,30755
0317,50,10,50,0.4,0.6,20,43521,43700,43700,43875
0318,50,10,50,0.4,0.6,20,19735,19777,19777,20501
0319,50,10,50,0.4,0.6,20,23716,23716,23716,23725
0320,50,10,50,0.4,1.0,10,33425,33425,33425,33593
0321,50,10,50,0.4,1.0,10,42662,43046,43046,43206
0322,50,10,50,0.4,1.0,10,46469,46471,46471,46806
0323,50,10,50,0.4,1.0,10,34576,34733,34733,34958
0324,50,10,50,0.4,1.0,10,30190,30190,30190,30221
0325,50,10,50,0.4,1.0,20,41442,41442,41442,42183
0326,50,10,50,0.4,1.0,20,34859,34895,34895,34980
0327,50,10,50,0.4,1.0,20,53690,53830,53830,54007
0328,50,10,50,0.4,1.0,20,24663,24663,24663,24766
0329,50,10,50,0.4,1.0,20,41353,41346,41346,41953
0330,50,10,50,0.6,0.2,10,61173,61173,61173,61218
0331,50,10,50,0.6,0.2,10,71490,71490,71490,71537
0332,50,10,50,0.6,0.2,10,61300,61300,61300,61375
0333,50,10,50,0.6,0.2,10,71464,71464,71464,71753
0334,50,10,50,0.6,0.2,10,53931,53931,53931,53931
0335,50,10,50,0.6,0.2,20,60623,60623,60623,60624
0336,50,10,50,0.6,0.2,20,72966,72966,72966,73147
0337,50,10,50,0.6,0.2,20,66528,66528,66528,66549
0338,50,10,50,0.6,0.2,20,73880,73880,73880,74060
0339,50,10,50,0.6,0.2,20,57242,57242,57242,57308
0340,50,10,50,0.6,0.6,10,65769,65769,65769,65984
0341,50,10,50,0.6,0.6,10,76251,76751,76751,76756
0342,50,10,50,0.6,0.6,10,71648,71698,71698,71770
0343,50,10,50,0.6,0.6,10,78898,78898,78898,78898
0344,50,10,50,0.6,0.6,10,79653,79653,79653,79654
0345,50,10,50,0.6,0.6,20,63859,63859,63859,63859
0346,50,10,50,0.6,0.6,20,69014,69386,69386,69453
0347,50,10,50,0.6,0.6,20,71658,71658,71658,71739
0348,50,10,50,0.6,0.6,20,59881,59881,59881,60093
0349,50,10,50,0.6,0.6,20,66051,66051,66051,66277
0350,50,10,50,0.6,1.0,10,51064,51032,51032,51385
0351,50,10,50,0.6,1.0,10,67123,67123,67123,67363
0352,50,10,50,0.6,1.0,10,55309,55309,55309,55350
0353,50,10,50,0.6,1.0,10,98539,98556,98556,98586
0354,50,10,50,0.6,1.0,10,84882,85054,85054,85082
0355,50,10,50,0.6,1.0,20,68631,68648,68648,68774
0356,50,10,50,0.6,1.0,20,73861,73861,73861,74034
0357,50,10,50,0.6,1.0,20,87702,87702,87702,87817
0358,50,10,50,0.6,1.0,20,82887,82887,82887,83247
0359,50,10,50,0.6,1.0,20,66274,66274,66274,66372
0360,100,5,15,0.2,0.2,10,41726,44782,44782,46985
0361,100,5,15,0.2,0.2,10,36855,38625,38625,39704
0362,100,5,15,0.2,0.2,10,41432,44526,44526,45345
0363,100,5,15,0.2,0.2,10,38944,39745,39745,41044
0364,100,5,15,0.2,0.2,10,46609,47041,47041,49264
0365,100,5,15,0.2,0.2,20,19459,21439,21439,24383
0366,100,5,15,0.2,0.2,20,35005,36129,36129,37052
0367,100,5,15,0.2,0.2,20,37278,38585,38585,40573
0368,100,5,15,0.2,0.2,20,33041,35090,35090,35328
0369,100,5,15,0.2,0.2,20,19427,22006,22006,22515
0370,100,5,15,0.2,0.6,10,10464,11275,11275,12639
0371,100,5,15,0.2,0.6,10,7984,9081,9173,9081
0372,100,5,15,0.2,0.6,10,5516,8061,9792,8061
0373,100,5,15,0.2,0.6,10,18631,18917,18917,21962
0374,100,5,15,0.2,0.6,10,14783,16862,16862,17805
0375,100,5,15,0.2,0.6,20,4460,6495,6707,6495
0376,100,5,15,0.2,0.6,20,2301,5261,5261,6128
0377,100,5,15,0.2,0.6,20,753,1632,2086,1632
0378,100,5,15,0.2,0.6,20,2804,4147,4147,5737
0379,100,5,15,0.2,0.6,20,6899,10712,12706,10712
0380,100,5,15,0.2,1.0,10,278,748,748,917
0381,100,5,15,0.2,1.0,10,477,968,968,1790
0382,100,5,15,0.2,1.0,10,162,1126,1126,1870
0383,100,5,15,0.2,1.0,10,576,1410,1410,2051
0384,100,5,15,0.2,1.0,10,445,1110,1110,2068
0385,100,5,15,0.2,1.0,20,0,385,385,755
0386,100,5,15,0.2,1.0,20,0,310,310,891
0387,100,5,15,0.2,1.0,20,0,175,175,181
0388,100,5,15,0.2,1.0,20,0,53,53,1098
0389,100,5,15,0.2,1.0,20,10,948,948,1607
0390,100,5,15,0.4,0.2,10,59011,61482,62610,61482
0391,100,5,15,0.4,0.2,10,59063,60381,60381,61220
0392,100,5,15,0.4,0.2,10,60768,61334,61334,62220
0393,100,5,15,0.4,0.2,10,55053,59545,59615,59545
0394,100,5,15,0.4,0.2,10,40921,43486,43486,44525
0395,100,5,15,0.4,0.2,20,45970,47240,47240,47699
0396,100,5,15,0.4,0.2,20,44312,44352,44352,45992
0397,100,5,15,0.4,0.2,20,53753,56157,56406,56157
0398,100,5,15,0.4,0.2,20,39983,41651,41651,44937
0399,100,5,15,0.4,0.2,20,46895,48382,48517,48382
0400,100,5,15,0.4,0.6,10,13928,15881,15881,16872
0401,100,5,15,0.4,0.6,10,18647,21548,21548,21618
0402,100,5,15,0.4,0.6,10,15495,16239,16239,19203
0403,100,5,15,0.4,0.6,10,15511,18676,18676,20270
0404,100,5,15,0.4,0.6,10,19984,20414,20414,22295
0405,100,5,15,0.4,0.6,20,15630,16934,16934,17509
0406,100,5,15,0.4,0.6,20,8889,10393,10393,11681
0407,100,5,15,0.4,0.6,20,10024,11344,11344,13996
0408,100,5,15,0.4,0.6,20,14647,15227,15227,16901
0409,100,5,15,0.4,0.6,20,10806,11410,11410,12011
0410,100,5,15,0.4,1.0,10,1340,1533,1533,2624
0411,100,5,15,0.4,1.0,10,15297,15468,15468,16320
0412,100,5,15,0.4,1.0,10,3410,3653,3653,4834
0413,100,5,15,0.4,1.0,10,6508,6638,6638,7606
0414,100,5,15,0.4,1.0,10,5999,6784,6784,7068
0415,100,5,15,0.4,1.0,20,417,608,608,1389
0416,100,5,15,0.4,1.0,20,3725,3785,3785,5126
0417,100,5,15,0.4,1.0,20,3396,3549,3549,3734
0418,100,5,15,0.4,1.0,20,6840,6941,6941,7832
0419,100,5,15,0.4,1.0,20,5398,5869,5869,6981
0420,100,5,15,0.6,0.2,10,109459,109902,109902,111557
0421,100,5,15,0.6,0.2,10,100364,101226,101226,101286
0422,100,5,15,0.6,0.2,10,108817,109723,109723,113306
0423,100,5,15,0.6,0.2,10,88297,88338,88338,90469
0424,100,5,15,0.6,0.2,10,86240,86240,86240,88539
0425,100,5,15,0.6,0.2,20,73567,73882,73882,75023
0426,100,5,15,0.6,0.2,20,80742,81314,81314,85016
0427,100,5,15,0.6,0.2,20,80243,80342,80342,81334
0428,100,5,15,0.6,0.2,20,70637,71599,71599,73366
0429,100,5,15,0.6,0.2,20,76239,77853,77853,78096
0430,100,5,15,0.6,0.6,10,50116,50375,50375,52229
0431,100,5,15,0.6,0.6,10,74116,74666,74666,77620
0432,100,5,15,0.6,0.6,10,70565,70565,70565,75232
0433,100,5,15,0.6,0.6,10,93324,93324,93324,97984
0434,100,5,15,0.6,0.6,10,92005,92060,92060,94161
0435,100,5,15,0.6,0.6,20,99268,99286,99286,102411
0436,100,5,15,0.6,0.6,20,77791,77563,77563,80043
0437,100,5,15,0.6,0.6,20,61278,61278,61278,62750
0438,100,5,15,0.6,0.6,20,83861,84135,84135,87393
0439,100,5,15,0.6,0.6,20,67612,67757,67757,69867
0440,100,5,15,0.6,1.0,10,83614,83616,83616,84444
0441,100,5,15,0.6,1.0,10,73313,73410,73410,75287
0442,100,5,15,0.6,1.0,10,73390,73374,73374,74449
0443,100,5,15,0.6,1.0,10,77077,77025,77025,78396
0444,100,5,15,0.6,1.0,10,100772,100754,100754,102873
0445,100,5,15,0.6,1.0,20,83986,83984,83984,84617
0446,100,5,15,0.6,1.0,20,79097,79113,79113,81306
0447,100,5,15,0.6,1.0,20,62576,62576,62576,64219
0448,100,5,15,0.6,1.0,20,77220,77220,77220,78731
0449,100,5,15,0.6,1.0,20,70494,70620,70620,72308
0450,100,5,25,0.2,0.2,10,25648,28264,28264,28557
0451,100,5,25,0.2,0.2,10,29950,32073,32213,32073
0452,100,5,25,0.2,0.2,10,25058,26553,26553,27644
0453,100,5,25,0.2,0.2,10,26646,29644,29644,29830
0454,100,5,25,0.2,0.2,10,26947,28928,28928,29474
0455,100,5,25,0.2,0.2,20,17083,19724,19724,19899
0456,100,5,25,0.2,0.2,20,19573,20653,20653,22897
0457,100,5,25,0.2,0.2,20,16546,20573,20670,20573
0458,100,5,25,0.2,0.2,20,16548,18449,18449,18911
0459,100,5,25,0.2,0.2,20,13847,15452,18077,15452
0460,100,5,25,0.2,0.6,10,4266,9433,10105,9433
0461,100,5,25,0.2,0.6,10,6175,9815,9815,9896
0462,100,5,25,0.2,0.6,10,4604,5507,5507,6647
0463,100,5,25,0.2,0.6,10,5579,7797,7797,8147
0464,100,5,25,0.2,0.6,10,8780,9232,9232,11513
0465,100,5,25,0.2,0.6,20,3872,5059,5910,5059
0466,100,5,25,0.2,0.6,20,2470,4465,4465,5103
0467,100,5,25,0.2,0.6,20,1953,3895,4493,3895
0468,100,5,25,0.2,0.6,20,1880,2680,2680,3986
0469,100,5,25,0.2,0.6,20,1702,3396,3396,3700
0470,100,5,25,0.2,1.0,10,0,900,900,981
0471,100,5,25,0.2,1.0,10,19,326,326,890
0472,100,5,25,0.2,1.0,10,342,954,954,1560
0473,100,5,25,0.2,1.0,10,4,1957,2258,1957
0474,100,5,25,0.2,1.0,10,377,1043,1043,2253
0475,100,5,25,0.2,1.0,20,0,591,795,591
0476,100,5,25,0.2,1.0,20,0,151,151,186
0477,100,5,25,0.2,1.0,20,0,236,236,944
0478,100,5,25,0.2,1.0,20,0,269,269,471
0479,100,5,25,0.2,1.0,20,0,273,273,828
0480,100,5,25,0.4,0.2,10,35763,36838,36907,36838
0481,100,5,25,0.4,0.2,10,38132,38551,38551,40555
0482,100,5,25,0.4,0.2,10,35901,37385,37610,37385
0483,100,5,25,0.4,0.2,10,36878,37353,37353,38784
0484,100,5,25,0.4,0.2,10,37435,37559,37559,38459
0485,100,5,25,0.4,0.2,20,25705,27450,27495,27450
0486,100,5,25,0.4,0.2,20,26852,27167,27167,27763
0487,100,5,25,0.4,0.2,20,29509,29845,29845,31204
0488,100,5,25,0.4,0.2,20,17456,19573,20559,19573
0489,100,5,25,0.4,0.2,20,28442,29122,29122,30202
0490,100,5,25,0.4,0.6,10,10146,10533,10533,11455
0491,100,5,25,0.4,0.6,10,19633,19827,19827,22012
0492,100,5,25,0.4,0.6,10,11095,12106,12106,12126
0493,100,5,25,0.4,0.6,10,12027,13611,13611,14006
0494,100,5,25,0.4,0.6,10,16713,17515,17515,18490
0495,100,5,25,0.4,0.6,20,8926,10409,10409,10689
0496,100,5,25,0.4,0.6,20,12655,12779,12779,13708
0497,100,5,25,0.4,0.6,20,11058,11292,11292,12880
0498,100,5,25,0.4,0.6,20,10503,10503,10503,13689
0499,100,5,25,0.4,0.6,20,12379,14000,14000,14098
0500,100,5,25,0.4,1.0,10,15653,15912,15912,17027
0501,100,5,25,0.4,1.0,10,26138,26071,26071,27372
0502,100,5,25,0.4,1.0,10,14885,14885,14885,15323
0503,100,5,25,0.4,1.0,10,7122,7320,7320,8834
0504,100,5,25,0.4,1.0,10,14274,14505,14505,15211
0505,100,5,25,0.4,1.0,20,13572,13693,13693,14896
0506,100,5,25,0.4,1.0,20,10783,10848,10848,11104
0507,100,5,25,0.4,1.0,20,9251,9253,9253,9885
0508,100,5,25,0.4,1.0,20,11395,11395,11395,12028
0509,100,5,25,0.4,1.0,20,12559,12745,12745,13286
0510,100,5,25,0.6,0.2,10,69184,69507,69507,70836
0511,100,5,25,0.6,0.2,10,58264,58264,58264,59830
0512,100,5,25,0.6,0.2,10,75029,75253,75253,75257
0513,100,5,25,0.6,0.2,10,59270,59142,59142,59890
0514,100,5,25,0.6,0.2,10,80075,80047,80047,81785
0515,100,5,25,0.6,0.2,20,63154,63220,63220,63550
0516,100,5,25,0.6,0.2,20,69359,69374,69374,70815
0517,100,5,25,0.6,0.2,20,66391,67259,67259,68442
0518,100,5,25,0.6,0.2,20,74141,74575,74575,74891
0519,100,5,25,0.6,0.2,20,56400,56496,56496,56769
0520,100,5,25,0.6,0.6,10,68902,68996,68996,70341
0521,100,5,25,0.6,0.6,10,52977,52995,52995,55177
0522,100,5,25,0.6,0.6,10,93023,92982,92982,94507
0523,100,5,25,0.6,0.6,10,75379,75379,75379,76431
0524,100,5,25,0.6,0.6,10,71141,71137,71137,71467
0525,100,5,25,0.6,0.6,20,63053,63123,63123,64588
0526,100,5,25,0.6,0.6,20,56975,56977,56977,57559
0527,100,5,25,0.6,0.6,20,76106,76334,76334,76739
0528,100,5,25,0.6,0.6,20,49504,49504,49504,50260
0529,100,5,25,0.6,0.6,20,85387,85388,85388,87693
0530,100,5,25,0.6,1.0,10,76124,76128,76128,76465
0531,100,5,25,0.6,1.0,10,70386,70485,70485,70788
0532,100,5,25,0.6,1.0,10,53509,53438,53438,53985
0533,100,5,25,0.6,1.0,10,77129,77141,77141,77643
0534,100,5,25,0.6,1.0,10,60549,60591,60591,61556
0535,100,5,25,0.6,1.0,20,67790,67764,67764,68954
0536,100,5,25,0.6,1.0,20,72326,72326,72326,73217
0537,100,5,25,0.6,1.0,20,71318,71300,71300,71849
0538,100,5,25,0.6,1.0,20,48123,48178,48178,48929
0539,100,5,25,0.6,1.0,20,71002,71055,71055,72520
0540,100,10,30,0.2,0.2,10,53075,55915,55915,57365
0541,100,10,30,0.2,0.2,10,38273,41434,41434,41448
0542,100,10,30,0.2,0.2,10,45879,50257,50257,54365
0543,100,10,30,0.2,0.2,10,36854,38720,38720,39646
0544,100,10,30,0.2,0.2,10,30964,34441,34715,34441
0545,100,10,30,0.2,0.2,20,22092,25286,25286,26185
0546,100,10,30,0.2,0.2,20,34194,35988,35988,39663
0547,100,10,30,0.2,0.2,20,30761,32883,32883,36568
0548,100,10,30,0.2,0.2,20,29534,30084,30084,34824
0549,100,10,30,0.2,0.2,20,33545,35556,35556,39260
0550,100,10,30,0.2,0.6,10,12716,13833,13833,18955
0551,100,10,30,0.2,0.6,10,14758,17858,17858,20470
0552,100,10,30,0.2,0.6,10,10768,12238,12238,14284
0553,100,10,30,0.2,0.6,10,3025,5581,5581,9304
0554,100,10,30,0.2,0.6,10,10775,13805,13805,15222
0555,100,10,30,0.2,0.6,20,4003,7249,7453,7249
0556,100,10,30,0.2,0.6,20,6759,8135,8135,9881
0557,100,10,30,0.2,0.6,20,3418,5674,5674,8390
0558,100,10,30,0.2,0.6,20,4878,7051,7051,10682
0559,100,10,30,0.2,0.6,20,5318,6273,6273,7319
0560,100,10,30,0.2,1.0,10,26,298,298,3003
0561,100,10,30,0.2,1.0,10,0,657,657,1528
0562,100,10,30,0.2,1.0,10,0,879,879,3261
0563,100,10,30,0.2,1.0,10,0,1490,1490,2567
0564,100,10,30,0.2,1.0,10,0,131,131,2295
0565,100,10,30,0.2,1.0,20,0,1805,1805,2766
0566,100,10,30,0.2,1.0,20,0,516,516,773
0567,100,10,30,0.2,1.0,20,0,0,0,432
0568,100,10,30,0.2,1.0,20,0,551,551,1033
0569,100,10,30,0.2,1.0,20,0,955,955,1863
0570,100,10,30,0.4,0.2,10,66525,70838,71526,70838
0571,100,10,30,0.4,0.2,10,71114,74495,74495,74937
0572,100,10,30,0.4,0.2,10,91408,91759,91759,97059
0573,100,10,30,0.4,0.2,10,74502,75017,75017,82899
0574,100,10,30,0.4,0.2,10,53283,55480,55480,57830
0575,100,10,30,0.4,0.2,20,45228,46082,46082,49001
0576,100,10,30,0.4,0.2,20,61206,62678,62678,64953
0577,100,10,30,0.4,0.2,20,55368,58186,58186,59454
0578,100,10,30,0.4,0.2,20,53142,53877,53877,56114
0579,100,10,30,0.4,0.2,20,51800,52491,52491,56899
0580,100,10,30,0.4,0.6,10,33698,34508,34508,37641
0581,100,10,30,0.4,0.6,10,40677,40979,40979,49660
0582,100,10,30,0.4,0.6,10,27498,27411,27411,33388
0583,100,10,30,0.4,0.6,10,31216,32399,32399,39370
0584,100,10,30,0.4,0.6,10,64692,65193,65193,69574
0585,100,10,30,0.4,0.6,20,29013,29048,29048,32850
0586,100,10,30,0.4,0.6,20,26019,27050,27050,31431
0587,100,10,30,0.4,0.6,20,34547,35888,35888,39131
0588,100,10,30,0.4,0.6,20,26160,26412,26412,28121
0589,100,10,30,0.4,0.6,20,21933,22759,22759,24628
0590,100,10,30,0.4,1.0,10,58625,58703,58703,60800
0591,100,10,30,0.4,1.0,10,52900,53038,53038,56060
0592,100,10,30,0.4,1.0,10,32718,33474,33474,34388
0593,100,10,30,0.4,1.0,10,35950,36410,36410,39113
0594,100,10,30,0.4,1.0,10,38629,39258,39258,45989
0595,100,10,30,0.4,1.0,20,17085,17228,17228,18537
0596,100,10,30,0.4,1.0,20,40500,40521,40521,43408
0597,100,10,30,0.4,1.0,20,30774,31422,31422,32517
0598,100,10,30,0.4,1.0,20,39408,39425,39425,43190
0599,100,10,30,0.4,1.0,20,32314,32584,32584,34901
0600,100,10,30,0.6,0.2,10,185746,185671,185671,190818
0601,100,10,30,0.6,0.2,10,164222,164542,164542,171531
0602,100,10,30,0.6,0.2,10,158332,158479,158479,162226
0603,100,10,30,0.6,0.2,10,152725,153861,153861,156935
0604,100,10,30,0.6,0.2,10,153918,154592,154592,155846
0605,100,10,30,0.6,0.2,20,161299,161418,161418,165793
0606,100,10,30,0.6,0.2,20,151513,152043,152043,154591
0607,100,10,30,0.6,0.2,20,141728,141927,141927,146557
0608,100,10,30,0.6,0.2,20,138267,139539,139539,144516
0609,100,10,30,0.6,0.2,20,146880,147278,147278,152001
0610,100,10,30,0.6,0.6,10,172967,172967,172967,178595
0611,100,10,30,0.6,0.6,10,169668,169731,169731,173294
0612,100,10,30,0.6,0.6,10,158262,158479,158479,163117
0613,100,10,30,0.6,0.6,10,190976,190976,190976,201916
0614,100,10,30,0.6,0.6,10,182722,182688,182688,187256
0615,100,10,30,0.6,0.6,20,161071,161377,161377,167494
0616,100,10,30,0.6,0.6,20,123000,122977,122977,133310
0617,100,10,30,0.6,0.6,20,140110,140260,140260,144647
0618,100,10,30,0.6,0.6,20,180116,180603,180603,185449
0619,100,10,30,0.6,0.6,20,165634,166054,166054,171058
0620,100,10,30,0.6,1.0,10,162547,163280,163280,169783
0621,100,10,30,0.6,1.0,10,214613,214613,214613,216382
0622,100,10,30,0.6,1.0,10,198436,198462,198462,203661
0623,100,10,30,0.6,1.0,10,174727,174748,174748,178494
0624,100,10,30,0.6,1.0,10,194363,194363,194363,196967
0625,100,10,30,0.6,1.0,20,112490,112490,112490,115466
0626,100,10,30,0.6,1.0,20,129977,129977,129977,132943
0627,100,10,30,0.6,1.0,20,124577,124557,124557,127312
0628,100,10,30,0.6,1.0,20,152409,152441,152441,157002
0629,100,10,30,0.6,1.0,20,169758,169758,169758,173339
0630,100,10,50,0.2,0.2,10,26979,29924,31761,29924
0631,100,10,50,0.2,0.2,10,24062,25504,25504,27810
0632,100,10,50,0.2,0.2,10,30774,31763,31763,32988
0633,100,10,50,0.2,0.2,10,26921,29372,29372,32277
0634,100,10,50,0.2,0.2,10,29757,30290,30290,30812
0635,100,10,50,0.2,0.2,20,11707,13000,13000,13871
0636,100,10,50,0.2,0.2,20,15190,15581,15581,17058
0637,100,10,50,0.2,0.2,20,15470,17473,17473,17518
0638,100,10,50,0.2,0.2,20,16813,17670,17670,23298
0639,100,10,50,0.2,0.2,20,19088,22562,22562,23111
0640,100,10,50,0.2,0.6,10,4594,7830,7830,7925
0641,100,10,50,0.2,0.6,10,5784,7111,7111,10454
0642,100,10,50,0.2,0.6,10,4577,6121,6121,6350
0643,100,10,50,0.2,0.6,10,4555,6259,6259,7254
0644,100,10,50,0.2,0.6,10,6688,8549,8549,10734
0645,100,10,50,0.2,0.6,20,358,1851,1851,3113
0646,100,10,50,0.2,0.6,20,1130,2613,2613,3601
0647,100,10,50,0.2,0.6,20,8,1168,1168,1455
0648,100,10,50,0.2,0.6,20,596,1579,1579,2606
0649,100,10,50,0.2,0.6,20,989,1549,1549,2307
0650,100,10,50,0.2,1.0,10,8151,8292,8292,9416
0651,100,10,50,0.2,1.0,10,3067,3408,3408,3942
0652,100,10,50,0.2,1.0,10,4200,4766,4766,6506
0653,100,10,50,0.2,1.0,10,3854,4822,5063,4822
0654,100,10,50,0.2,1.0,10,9451,9692,9692,11577
0655,100,10,50,0.2,1.0,20,708,1509,1509,2339
0656,100,10,50,0.2,1.0,20,8213,8327,8327,9150
0657,100,10,50,0.2,1.0,20,266,820,820,1170
0658,100,10,50,0.2,1.0,20,6637,6888,6888,7555
0659,100,10,50,0.2,1.0,20,2482,3007,3283,3007
0660,100,10,50,0.4,0.2,10,62746,62988,62988,64716
0661,100,10,50,0.4,0.2,10,53709,56765,56765,57963
0662,100,10,50,0.4,0.2,10,58495,58641,58641,61993
0663,100,10,50,0.4,0.2,10,55813,56101,56101,58456
0664,100,10,50,0.4,0.2,10,62852,63164,63164,65070
0665,100,10,50,0.4,0.2,20,40251,41095,41095,42344
0666,100,10,50,0.4,0.2,20,33808,34778,34778,35971
0667,100,10,50,0.4,0.2,20,46791,46736,46736,50774
0668,100,10,50,0.4,0.2,20,39785,40392,40392,42655
0669,100,10,50,0.4,0.2,20,39643,40644,40644,42462
0670,100,10,50,0.4,0.6,10,34969,35874,35874,38893
0671,100,10,50,0.4,0.6,10,34599,35119,35119,37894
0672,100,10,50,0.4,0.6,10,43772,44372,44372,45434
0673,100,10,50,0.4,0.6,10,42225,42874,42874,45722
0674,100,10,50,0.4,0.6,10,39852,41864,41864,43996
0675,100,10,50,0.4,0.6,20,25811,26500,26500,29955
0676,100,10,50,0.4,0.6,20,43957,44645,44645,46095
0677,100,10,50,0.4,0.6,20,35897,35897,35897,38438
0678,100,10,50,0.4,0.6,20,29349,30265,30265,31854
0679,100,10,50,0.4,0.6,20,21626,21871,21871,23822
0680,100,10,50,0.4,1.0,10,51362,51367,51367,52319
0681,100,10,50,0.4,1.0,10,66529,66574,66574,67762
0682,100,10,50,0.4,1.0,10,57863,57863,57863,58517
0683,100,10,50,0.4,1.0,10,64669,64669,64669,65622
0684,100,10,50,0.4,1.0,10,51269,51266,51266,53800
0685,100,10,50,0.4,1.0,20,42947,43167,43167,44460
0686,100,10,50,0.4,1.0,20,32169,32297,32297,34150
0687,100,10,50,0.4,1.0,20,73781,73716,73716,75518
0688,100,10,50,0.4,1.0,20,64625,64625,64625,66254
0689,100,10,50,0.4,1.0,20,87590,87590,87590,88153
0690,100,10,50,0.6,0.2,10,145031,145388,145388,148486
0691,100,10,50,0.6,0.2,10,126595,126629,126629,128490
0692,100,10,50,0.6,0.2,10,135316,135480,135480,135813
0693,100,10,50,0.6,0.2,10,139997,140399,140399,141219
0694,100,10,50,0.6,0.2,10,144614,144566,144566,147586
0695,100,10,50,0.6,0.2,20,133243,133542,133542,136505
0696,100,10,50,0.6,0.2,20,110086,110492,110492,111038
0697,100,10,50,0.6,0.2,20,157864,158611,158611,159491
0698,100,10,50,0.6,0.2,20,99001,99085,99085,100219
0699,100,10,50,0.6,0.2,20,109120,108907,108907,112748
0700,100,10,50,0.6,0.6,10,149329,149996,149996,153220
0701,100,10,50,0.6,0.6,10,142662,142646,142646,146122
0702,100,10,50,0.6,0.6,10,149292,149060,149060,150549
0703,100,10,50,0.6,0.6,10,118197,118174,118174,119640
0704,100,10,50,0.6,0.6,10,152069,152063,152063,156461
0705,100,10,50,0.6,0.6,20,142181,142432,142432,145011
0706,100,10,50,0.6,0.6,20,165237,165752,165752,168570
0707,100,10,50,0.6,0.6,20,121606,121599,121599,123792
0708,100,10,50,0.6,0.6,20,138914,138914,138914,141252
0709,100,10,50,0.6,0.6,20,136934,136974,136974,138384
0710,100,10,50,0.6,1.0,10,159316,159317,159317,161167
0711,100,10,50,0.6,1.0,10,167294,167292,167292,169681
0712,100,10,50,0.6,1.0,10,150660,150660,150660,152494
0713,100,10,50,0.6,1.0,10,124949,125608,125608,126263
0714,100,10,50,0.6,1.0,10,173068,173114,173114,176861
0715,100,10,50,0.6,1.0,20,152807,152949,152949,153793
0716,100,10,50,0.6,1.0,20,136004,136197,136197,137675
0717,100,10,50,0.6,1.0,20,144855,144839,144839,146365
0718,100,10,50,0.6,1.0,20,132515,132531,132531,135042
0719,100,10,50,0.6,1.0,20,104990,105017,105017,105257
0720,150,5,15,0.2,0.2,10,126752,132834,132834,133251
0721,150,5,15,0.2,0.2,10,104113,109946,109946,111253
0722,150,5,15,0.2,0.2,10,94398,101283,105796,101283
0723,150,5,15,0.2,0.2,10,81874,86781,86781,87482
0724,150,5,15,0.2,0.2,10,106120,108421,108421,112114
0725,150,5,15,0.2,0.2,20,71344,73930,73930,75933
0726,150,5,15,0.2,0.2,20,59370,63338,69453,63338
0727,150,5,15,0.2,0.2,20,62349,68581,71314,68581
0728,150,5,15,0.2,0.2,20,57525,66707,66707,69684
0729,150,5,15,0.2,0.2,20,74649,75764,75764,79149
0730,150,5,15,0.2,0.6,10,36516,38011,38011,41700
0731,150,5,15,0.2,0.6,10,17038,21721,21721,22231
0732,150,5,15,0.2,0.6,10,43018,47592,47592,48710
0733,150,5,15,0.2,0.6,10,32096,34334,34334,37672
0734,150,5,15,0.2,0.6,10,32293,35797,35797,38110
0735,150,5,15,0.2,0.6,20,14731,16744,17645,16744
0736,150,5,15,0.2,0.6,20,18367,21265,21265,25104
0737,150,5,15,0.2,0.6,20,15715,17329,17329,19936
0738,150,5,15,0.2,0.6,20,17118,18254,18254,23110
0739,150,5,15,0.2,0.6,20,15493,19955,22628,19955
0740,150,5,15,0.2,1.0,10,57,1457,1457,2685
0741,150,5,15,0.2,1.0,10,120,1760,2218,1760
0742,150,5,15,0.2,1.0,10,87,729,729,1169
0743,150,5,15,0.2,1.0,10,1497,1949,1949,3771
0744,150,5,15,0.2,1.0,10,26,480,480,1060
0745,150,5,15,0.2,1.0,20,0,526,526,526
0746,150,5,15,0.2,1.0,20,0,0,0,409
0747,150,5,15,0.2,1.0,20,0,0,0,144
0748,150,5,15,0.2,1.0,20,0,461,461,917
0749,150,5,15,0.2,1.0,20,0,506,506,561
0750,150,5,15,0.4,0.2,10,134357,136826,136826,142369
0751,150,5,15,0.4,0.2,10,98160,103871,107603,103871
0752,150,5,15,0.4,0.2,10,135912,138945,138945,141031
0753,150,5,15,0.4,0.2,10,129381,130271,130271,135916
0754,150,5,15,0.4,0.2,10,103604,107224,107224,108879
0755,150,5,15,0.4,0.2,20,92200,99589,99881,99589
0756,150,5,15,0.4,0.2,20,100027,101474,101474,107181
0757,150,5,15,0.4,0.2,20,90642,91211,91211,97692
0758,150,5,15,0.4,0.2,20,79060,84209,84209,85022
0759,150,5,15,0.4,0.2,20,89686,90983,90983,96040
0760,150,5,15,0.4,0.6,10,35338,37040,37040,42294
0761,150,5,15,0.4,0.6,10,39352,41148,41148,46415
0762,150,5,15,0.4,0.6,10,53563,56253,56253,58640
0763,150,5,15,0.4,0.6,10,58753,60559,60559,66221
0764,150,5,15,0.4,0.6,10,36755,41183,41183,43193
0765,150,5,15,0.4,0.6,20,30556,31292,31292,33987
0766,150,5,15,0.4,0.6,20,23929,28956,30204,28956
0767,150,5,15,0.4,0.6,20,23693,25770,25770,28774
0768,150,5,15,0.4,0.6,20,10717,14078,14078,14240
0769,150,5,15,0.4,0.6,20,29967,32992,32992,33657
0770,150,5,15,0.4,1.0,10,3265,3246,3246,5120
0771,150,5,15,0.4,1.0,10,3508,4387,4387,7890
0772,150,5,15,0.4,1.0,10,17132,17244,17244,20972
0773,150,5,15,0.4,1.0,10,4643,5714,5714,7442
0774,150,5,15,0.4,1.0,10,6826,11166,11166,13921
0775,150,5,15,0.4,1.0,20,152,1484,1484,2567
0776,150,5,15,0.4,1.0,20,3219,3326,3326,5142
0777,150,5,15,0.4,1.0,20,669,1376,1376,1640
0778,150,5,15,0.4,1.0,20,5512,5799,5799,6962
0779,150,5,15,0.4,1.0,20,30,110,110,1280
0780,150,5,15,0.6,0.2,10,210795,211162,211162,216054
0781,150,5,15,0.6,0.2,10,201108,201108,201108,209479
0782,150,5,15,0.6,0.2,10,196386,196647,196647,200838
0783,150,5,15,0.6,0.2,10,201082,201139,201139,204452
0784,150,5,15,0.6,0.2,10,215482,217836,217836,219903
0785,150,5,15,0.6,0.2,20,164588,164588,164588,170245
0786,150,5,15,0.6,0.2,20,181269,181485,181485,184340
0787,150,5,15,0.6,0.2,20,167260,167295,167295,171446
0788,150,5,15,0.6,0.2,20,174085,175045,175045,178934
0789,150,5,15,0.6,0.2,20,171643,173772,174540,173772
0790,150,5,15,0.6,0.6,10,129501,129728,129728,132959
0791,150,5,15,0.6,0.6,10,114439,114453,114453,119982
0792,150,5,15,0.6,0.6,10,71568,71999,71999,76222
0793,150,5,15,0.6,0.6,10,163821,164247,164247,166291
0794,150,5,15,0.6,0.6,10,105155,105155,105155,109392
0795,150,5,15,0.6,0.6,20,122119,122362,122362,124283
0796,150,5,15,0.6,0.6,20,142303,142720,142720,145983
0797,150,5,15,0.6,0.6,20,108693,108662,108662,115026
0798,150,5,15,0.6,0.6,20,97083,97083,97083,103124
0799,150,5,15,0.6,0.6,20,101975,101975,101975,104834
0800,150,5,15,0.6,1.0,10,168051,168051,168051,172188
0801,150,5,15,0.6,1.0,10,164273,164281,164281,168705
0802,150,5,15,0.6,1.0,10,111321,111321,111321,114356
0803,150,5,15,0.6,1.0,10,142489,143044,143044,152649
0804,150,5,15,0.6,1.0,10,186890,186890,186890,191927
0805,150,5,15,0.6,1.0,20,94845,94838,94838,96646
0806,150,5,15,0.6,1.0,20,120509,120637,120637,121206
0807,150,5,15,0.6,1.0,20,247711,247719,247719,257548
0808,150,5,15,0.6,1.0,20,95331,95331,95331,100684
0809,150,5,15,0.6,1.0,20,111322,111322,111322,118129
0810,150,5,25,0.2,0.2,10,62338,67495,67495,68382
0811,150,5,25,0.2,0.2,10,67811,72701,72701,73502
0812,150,5,25,0.2,0.2,10,61879,66950,67171,66950
0813,150,5,25,0.2,0.2,10,61311,65756,65756,67858
0814,150,5,25,0.2,0.2,10,67096,72820,72820,75854
0815,150,5,25,0.2,0.2,20,52011,56267,56267,59414
0816,150,5,25,0.2,0.2,20,49600,52769,52769,55038
0817,150,5,25,0.2,0.2,20,53761,57908,57908,58908
0818,150,5,25,0.2,0.2,20,44557,47689,49060,47689
0819,150,5,25,0.2,0.2,20,50762,54004,54004,55716
0820,150,5,25,0.2,0.6,10,24179,26744,26744,30122
0821,150,5,25,0.2,0.6,10,20437,23519,23519,23689
0822,150,5,25,0.2,0.6,10,26884,30859,30859,32988
0823,150,5,25,0.2,0.6,10,16234,19702,19702,21367
0824,150,5,25,0.2,0.6,10,23837,30522,31418,30522
0825,150,5,25,0.2,0.6,20,7267,9717,9717,10054
0826,150,5,25,0.2,0.6,20,5233,7110,7110,9920
0827,150,5,25,0.2,0.6,20,14500,17830,17830,18943
0828,150,5,25,0.2,0.6,20,13749,16529,16529,18218
0829,150,5,25,0.2,0.6,20,17328,25995,25995,26120
0830,150,5,25,0.2,1.0,10,272,1265,1265,2739
0831,150,5,25,0.2,1.0,10,81,1487,1487,1514
0832,150,5,25,0.2,1.0,10,618,3077,3077,4007
0833,150,5,25,0.2,1.0,10,142,769,769,2326
0834,150,5,25,0.2,1.0,10,358,1170,1170,2030
0835,150,5,25,0.2,1.0,20,47,583,583,1392
0836,150,5,25,0.2,1.0,20,0,1041,1072,1041
0837,150,5,25,0.2,1.0,20,0,839,1086,839
0838,150,5,25,0.2,1.0,20,0,1047,1047,1078
0839,150,5,25,0.2,1.0,20,50,423,423,1306
0840,150,5,25,0.4,0.2,10,77489,77598,77598,81123
0841,150,5,25,0.4,0.2,10,89132,91526,91526,92199
0842,150,5,25,0.4,0.2,10,75555,76299,76299,80371
0843,150,5,25,0.4,0.2,10,67445,72967,73432,72967
0844,150,5,25,0.4,0.2,10,80785,83557,83557,85126
0845,150,5,25,0.4,0.2,20,57341,58853,58853,59589
0846,150,5,25,0.4,0.2,20,65902,66487,66487,70319
0847,150,5,25,0.4,0.2,20,54643,58382,58382,58792
0848,150,5,25,0.4,0.2,20,60861,66560,66680,66560
0849,150,5,25,0.4,0.2,20,60306,63521,64583,63521
0850,150,5,25,0.4,0.6,10,20671,23128,23128,26769
0851,150,5,25,0.4,0.6,10,21001,23091,23091,23685
0852,150,5,25,0.4,0.6,10,31258,33237,33237,34876
0853,150,5,25,0.4,0.6,10,29081,31146,31146,33931
0854,150,5,25,0.4,0.6,10,36508,38675,38675,40172
0855,150,5,25,0.4,0.6,20,21879,25101,25101,26249
0856,150,5,25,0.4,0.6,20,22192,24523,24523,25635
0857,150,5,25,0.4,0.6,20,18643,20966,20966,21011
0858,150,5,25,0.4,0.6,20,20955,22221,22221,23609
0859,150,5,25,0.4,0.6,20,16285,16285,16285,20334
0860,150,5,25,0.4,1.0,10,11745,12115,12115,13877
0861,150,5,25,0.4,1.0,10,9423,9439,9439,11102
0862,150,5,25,0.4,1.0,10,6354,6455,6455,11398
0863,150,5,25,0.4,1.0,10,26403,26417,26417,27616
0864,150,5,25,0.4,1.0,10,7823,8512,8512,9743
0865,150,5,25,0.4,1.0,20,4224,4265,4265,4925
0866,150,5,25,0.4,1.0,20,17555,18184,18184,19399
0867,150,5,25,0.4,1.0,20,5351,5589,5589,5969
0868,150,5,25,0.4,1.0,20,12458,12588,12588,13778
0869,150,5,25,0.4,1.0,20,4752,5273,5273,5764
0870,150,5,25,0.6,0.2,10,125722,125737,125737,127864
0871,150,5,25,0.6,0.2,10,134141,134133,134133,136335
0872,150,5,25,0.6,0.2,10,146784,146988,146988,149703
0873,150,5,25,0.6,0.2,10,134296,135302,135302,136117
0874,150,5,25,0.6,0.2,10,122069,122027,122027,125058
0875,150,5,25,0.6,0.2,20,140066,140065,140065,144096
0876,150,5,25,0.6,0.2,20,127098,127875,127875,129827
0877,150,5,25,0.6,0.2,20,144931,147212,147212,149526
0878,150,5,25,0.6,0.2,20,112852,116122,116122,117752
0879,150,5,25,0.6,0.2,20,120291,122957,122957,123573
0880,150,5,25,0.6,0.6,10,126016,126056,126056,129011
0881,150,5,25,0.6,0.6,10,108769,108757,108757,112502
0882,150,5,25,0.6,0.6,10,113798,113920,113920,116902
0883,150,5,25,0.6,0.6,10,105546,105526,105526,108447
0884,150,5,25,0.6,0.6,10,143724,144092,144092,147408
0885,150,5,25,0.6,0.6,20,76853,76827,76827,79064
0886,150,5,25,0.6,0.6,20,101840,102022,102022,103431
0887,150,5,25,0.6,0.6,20,59694,60020,60020,62826
0888,150,5,25,0.6,0.6,20,105218,105586,105586,109552
0889,150,5,25,0.6,0.6,20,114214,114202,114202,117891
0890,150,5,25,0.6,1.0,10,88583,88549,88549,91439
0891,150,5,25,0.6,1.0,10,113267,113267,113267,114201
0892,150,5,25,0.6,1.0,10,121379,121397,121397,123521
0893,150,5,25,0.6,1.0,10,114962,115011,115011,117530
0894,150,5,25,0.6,1.0,10,178305,178342,178342,181394
0895,150,5,25,0.6,1.0,20,139442,139745,139745,141610
0896,150,5,25,0.6,1.0,20,85402,85401,85401,87151
0897,150,5,25,0.6,1.0,20,92514,92919,92919,94159
0898,150,5,25,0.6,1.0,20,134653,134693,134693,136419
0899,150,5,25,0.6,1.0,20,79050,79102,79102,81970
0900,150,10,30,0.2,0.2,10,112844,115807,115807,116620
0901,150,10,30,0.2,0.2,10,100899,106091,106091,107742
0902,150,10,30,0.2,0.2,10,86719,94935,94935,95491
0903,150,10,30,0.2,0.2,10,103016,109383,109383,115571
0904,150,10,30,0.2,0.2,10,109720,112166,112166,114149
0905,150,10,30,0.2,0.2,20,69617,74142,74218,74142
0906,150,10,30,0.2,0.2,20,51928,59455,60967,59455
0907,150,10,30,0.2,0.2,20,56754,60215,60816,60215
0908,150,10,30,0.2,0.2,20,48893,51566,51566,53519
0909,150,10,30,0.2,0.2,20,64029,67515,67515,73667
0910,150,10,30,0.2,0.6,10,26326,29618,29618,35099
0911,150,10,30,0.2,0.6,10,17493,22017,22017,27143
0912,150,10,30,0.2,0.6,10,29029,34017,34017,38970
0913,150,10,30,0.2,0.6,10,21794,24256,24256,29227
0914,150,10,30,0.2,0.6,10,34793,41760,41760,42763
0915,150,10,30,0.2,0.6,20,12722,17934,17934,19044
0916,150,10,30,0.2,0.6,20,9482,11594,11594,13765
0917,150,10,30,0.2,0.6,20,3877,7864,7864,8996
0918,150,10,30,0.2,0.6,20,3392,7779,7779,8514
0919,150,10,30,0.2,0.6,20,9637,15081,15081,15909
0920,150,10,30,0.2,1.0,10,38,619,619,3361
0921,150,10,30,0.2,1.0,10,7,976,976,1844
0922,150,10,30,0.2,1.0,10,0,1474,1493,1474
0923,150,10,30,0.2,1.0,10,242,2342,2342,5449
0924,150,10,30,0.2,1.0,10,283,2480,2480,5359
0925,150,10,30,0.2,1.0,20,65,590,590,2281
0926,150,10,30,0.2,1.0,20,0,897,897,1500
0927,150,10,30,0.2,1.0,20,22,345,345,1749
0928,150,10,30,0.2,1.0,20,0,272,466,272
0929,150,10,30,0.2,1.0,20,0,122,122,787
0930,150,10,30,0.4,0.2,10,137860,139950,139950,149142
0931,150,10,30,0.4,0.2,10,136195,138196,138196,145112
0932,150,10,30,0.4,0.2,10,144378,147059,147059,151167
0933,150,10,30,0.4,0.2,10,137883,139618,139618,143409
0934,150,10,30,0.4,0.2,10,137249,140635,140635,143323
0935,150,10,30,0.4,0.2,20,110899,115061,115061,116725
0936,150,10,30,0.4,0.2,20,85075,90469,90469,93026
0937,150,10,30,0.4,0.2,20,113796,116188,116188,124742
0938,150,10,30,0.4,0.2,20,122799,129633,129633,134218
0939,150,10,30,0.4,0.2,20,108415,116709,116709,123379
0940,150,10,30,0.4,0.6,10,89640,92487,92487,102044
0941,150,10,30,0.4,0.6,10,46373,52605,52605,55875
0942,150,10,30,0.4,0.6,10,52614,55683,55683,59247
0943,150,10,30,0.4,0.6,10,92956,99192,99192,101947
0944,150,10,30,0.4,0.6,10,69545,69843,69843,78686
0945,150,10,30,0.4,0.6,20,43649,46770,46770,51826
0946,150,10,30,0.4,0.6,20,48908,50077,50077,58221
0947,150,10,30,0.4,0.6,20,50453,52478,52478,59391
0948,150,10,30,0.4,0.6,20,38411,41330,41330,43818
0949,150,10,30,0.4,0.6,20,28086,31093,31093,35834
0950,150,10,30,0.4,1.0,10,22800,23386,23386,27035
0951,150,10,30,0.4,1.0,10,59489,60463,60463,65649
0952,150,10,30,0.4,1.0,10,43287,43538,43538,49370
0953,150,10,30,0.4,1.0,10,48219,48207,48207,62680
0954,150,10,30,0.4,1.0,10,26413,26565,26565,30934
0955,150,10,30,0.4,1.0,20,56949,57319,57319,66653
0956,150,10,30,0.4,1.0,20,56176,56922,56922,59590
0957,150,10,30,0.4,1.0,20,50594,50341,50341,56194
0958,150,10,30,0.4,1.0,20,48432,48497,48497,59254
0959,150,10,30,0.4,1.0,20,29616,30085,30085,35133
0960,150,10,30,0.6,0.2,10,282977,285376,285376,295836
0961,150,10,30,0.6,0.2,10,262864,263487,263487,271242
0962,150,10,30,0.6,0.2,10,306660,308907,308907,318554
0963,150,10,30,0.6,0.2,10,262351,265089,265089,276362
0964,150,10,30,0.6,0.2,10,304524,306412,306412,313392
0965,150,10,30,0.6,0.2,20,312976,315113,315113,321754
0966,150,10,30,0.6,0.2,20,292508,292479,292479,301251
0967,150,10,30,0.6,0.2,20,269522,269993,269993,283385
0968,150,10,30,0.6,0.2,20,225712,228516,228516,232013
0969,150,10,30,0.6,0.2,20,261533,264208,264208,279977
0970,150,10,30,0.6,0.6,10,204910,204365,204365,213379
0971,150,10,30,0.6,0.6,10,324170,324441,324441,335496
0972,150,10,30,0.6,0.6,10,273205,273045,273045,286457
0973,150,10,30,0.6,0.6,10,327026,326791,326791,338470
0974,150,10,30,0.6,0.6,10,246542,246542,246542,255872
0975,150,10,30,0.6,0.6,20,322872,322902,322902,331835
0976,150,10,30,0.6,0.6,20,222146,222126,222126,230375
0977,150,10,30,0.6,0.6,20,255010,256182,256182,268731
0978,150,10,30,0.6,0.6,20,226144,226630,226630,238458
0979,150,10,30,0.6,0.6,20,265132,265073,265073,276501
0980,150,10,30,0.6,1.0,10,259416,259529,259529,272690
0981,150,10,30,0.6,1.0,10,277383,277303,277303,292103
0982,150,10,30,0.6,1.0,10,273034,273103,273103,283027
0983,150,10,30,0.6,1.0,10,337419,337419,337419,345283
0984,150,10,30,0.6,1.0,10,251939,251888,251888,256635
0985,150,10,30,0.6,1.0,20,276674,276674,276674,283196
0986,150,10,30,0.6,1.0,20,200383,200388,200388,209741
0987,150,10,30,0.6,1.0,20,268130,268203,268203,276916
0988,150,10,30,0.6,1.0,20,277301,277329,277329,287009
0989,150,10,30,0.6,1.0,20,263765,263765,263765,269903
0990,150,10,50,0.2,0.2,10,61773,69108,69108,69852
0991,150,10,50,0.2,0.2,10,59855,65183,65183,68768
0992,150,10,50,0.2,0.2,10,78760,83588,83588,85430
0993,150,10,50,0.2,0.2,10,59309,64480,64480,73250
0994,150,10,50,0.2,0.2,10,51933,56350,56350,60255
0995,150,10,50,0.2,0.2,20,54025,58128,58128,63699
0996,150,10,50,0.2,0.2,20,35626,41232,41232,43662
0997,150,10,50,0.2,0.2,20,41275,44269,44269,46755
0998,150,10,50,0.2,0.2,20,35825,39512,39512,43752
0999,150,10,50,0.2,0.2,20,31925,37692,37692,39154
1000,150,10,50,0.2,0.6,10,10607,13930,13930,20483
1001,150,10,50,0.2,0.6,10,12516,17662,17662,18016
1002,150,10,50,0.2,0.6,10,13870,18025,18025,18394
1003,150,10,50,0.2,0.6,10,13842,17209,17209,20044
1004,150,10,50,0.2,0.6,10,20690,27766,27766,31171
1005,150,10,50,0.2,0.6,20,4250,8482,8482,9154
1006,150,10,50,0.2,0.6,20,5330,8163,8163,10267
1007,150,10,50,0.2,0.6,20,6060,12291,12291,12595
1008,150,10,50,0.2,0.6,20,10022,13976,13976,14753
1009,150,10,50,0.2,0.6,20,6109,10223,11237,10223
1010,150,10,50,0.2,1.0,10,342,970,970,3552
1011,150,10,50,0.2,1.0,10,1937,3129,3129,4962
1012,150,10,50,0.2,1.0,10,2804,3327,3327,5509
1013,150,10,50,0.2,1.0,10,24,1396,1396,2138
1014,150,10,50,0.2,1.0,10,7289,9575,9575,11760
1015,150,10,50,0.2,1.0,20,129,758,758,1185
1016,150,10,50,0.2,1.0,20,0,523,1095,523
1017,150,10,50,0.2,1.0,20,0,1252,1252,1340
1018,150,10,50,0.2,1.0,20,523,740,740,3441
1019,150,10,50,0.2,1.0,20,0,832,832,995
1020,150,10,50,0.4,0.2,10,99235,101897,101897,105398
1021,150,10,50,0.4,0.2,10,103537,103908,103908,115064
1022,150,10,50,0.4,0.2,10,129505,134406,134406,137712
1023,150,10,50,0.4,0.2,10,99982,102044,102044,105951
1024,150,10,50,0.4,0.2,10,99404,102507,102507,104163
1025,150,10,50,0.4,0.2,20,94544,100907,100907,105194
1026,150,10,50,0.4,0.2,20,73863,75892,75892,78516
1027,150,10,50,0.4,0.2,20,84189,86867,86867,89531
1028,150,10,50,0.4,0.2,20,91660,93922,93922,96535
1029,150,10,50,0.4,0.2,20,66100,68119,68119,70665
1030,150,10,50,0.4,0.6,10,92873,95454,95454,101649
1031,150,10,50,0.4,0.6,10,69749,71975,71975,77701
1032,150,10,50,0.4,0.6,10,56193,57478,57478,65567
1033,150,10,50,0.4,0.6,10,43928,45061,45061,46905
1034,150,10,50,0.4,0.6,10,62989,64098,64098,70335
1035,150,10,50,0.4,0.6,20,33500,33847,33847,40024
1036,150,10,50,0.4,0.6,20,39675,40762,40762,44433
1037,150,10,50,0.4,0.6,20,36991,39198,39198,43868
1038,150,10,50,0.4,0.6,20,26523,29217,29217,31980
1039,150,10,50,0.4,0.6,20,50405,51228,51228,57353
1040,150,10,50,0.4,1.0,10,56199,56540,56540,60987
1041,150,10,50,0.4,1.0,10,56020,56235,56235,59553
1042,150,10,50,0.4,1.0,10,46487,46629,46629,51337
1043,150,10,50,0.4,1.0,10,48077,48537,48537,49826
1044,150,10,50,0.4,1.0,10,58089,59037,59037,61962
1045,150,10,50,0.4,1.0,20,46656,46677,46677,51751
1046,150,10,50,0.4,1.0,20,92243,92296,92296,98399
1047,150,10,50,0.4,1.0,20,68429,68415,68415,72358
1048,150,10,50,0.4,1.0,20,50469,50627,50627,55122
1049,150,10,50,0.4,1.0,20,48784,49689,49689,54094
1050,150,10,50,0.6,0.2,10,209076,209708,209708,212940
1051,150,10,50,0.6,0.2,10,228821,229626,229626,236126
1052,150,10,50,0.6,0.2,10,232196,233469,233469,238263
1053,150,10,50,0.6,0.2,10,229784,230815,230815,237096
1054,150,10,50,0.6,0.2,10,210004,210826,210826,214389
1055,150,10,50,0.6,0.2,20,225715,227335,227335,237044
1056,150,10,50,0.6,0.2,20,223790,224445,224445,227947
1057,150,10,50,0.6,0.2,20,215850,216808,216808,224456
1058,150,10,50,0.6,0.2,20,221990,222570,222570,227903
1059,150,10,50,0.6,0.2,20,174853,175015,175015,179698
1060,150,10,50,0.6,0.6,10,239448,239426,239426,247996
1061,150,10,50,0.6,0.6,10,207417,207422,207422,212758
1062,150,10,50,0.6,0.6,10,197708,198277,198277,205425
1063,150,10,50,0.6,0.6,10,281855,281815,281815,287621
1064,150,10,50,0.6,0.6,10,226526,226712,226712,233374
1065,150,10,50,0.6,0.6,20,247078,248015,248015,251912
1066,150,10,50,0.6,0.6,20,180304,180813,180813,188693
1067,150,10,50,0.6,0.6,20,221671,222046,222046,228024
1068,150,10,50,0.6,0.6,20,211109,211346,211346,218227
1069,150,10,50,0.6,0.6,20,186229,186301,186301,188662
1070,150,10,50,0.6,1.0,10,189733,189948,189948,192108
1071,150,10,50,0.6,1.0,10,286307,286400,286400,291297
1072,150,10,50,0.6,1.0,10,217813,217813,217813,221459
1073,150,10,50,0.6,1.0,10,207067,207075,207075,212024
1074,150,10,50,0.6,1.0,10,227057,227044,227044,229601
1075,150,10,50,0.6,1.0,20,179345,179350,179350,185551
1076,150,10,50,0.6,1.0,20,223400,223418,223418,228449
1077,150,10,50,0.6,1.0,20,206967,207445,207445,210886
1078,150,10,50,0.6,1.0,20,235544,235772,235772,239720
1079,150,10,50,0.6,1.0,20,216732,216734,216734,223575
1080,200,5,15,0.2,0.2,10,222700,229953,229953,235489
1081,200,5,15,0.2,0.2,10,211870,223067,223067,229973
1082,200,5,15,0.2,0.2,10,230111,245434,245434,249099
1083,200,5,15,0.2,0.2,10,215183,224433,224433,233040
1084,200,5,15,0.2,0.2,10,185620,192673,192673,199320
1085,200,5,15,0.2,0.2,20,223066,240078,240078,249652
1086,200,5,15,0.2,0.2,20,154274,167994,167994,171377
1087,200,5,15,0.2,0.2,20,164871,169924,169924,174524
1088,200,5,15,0.2,0.2,20,127740,133217,133217,138535
1089,200,5,15,0.2,0.2,20,146642,155214,155214,162743
1090,200,5,15,0.2,0.6,10,65948,70532,70532,78681
1091,200,5,15,0.2,0.6,10,60042,67381,69620,67381
1092,200,5,15,0.2,0.6,10,53305,58735,58735,65892
1093,200,5,15,0.2,0.6,10,60300,61575,61575,71674
1094,200,5,15,0.2,0.6,10,48689,53776,53776,56348
1095,200,5,15,0.2,0.6,20,33669,39384,39384,45947
1096,200,5,15,0.2,0.6,20,12410,18238,18238,19322
1097,200,5,15,0.2,0.6,20,31687,36624,36624,40547
1098,200,5,15,0.2,0.6,20,35445,42494,42494,42839
1099,200,5,15,0.2,0.6,20,36759,44689,44689,49045
1100,200,5,15,0.2,1.0,10,404,1121,1121,3007
1101,200,5,15,0.2,1.0,10,0,153,382,153
1102,200,5,15,0.2,1.0,10,344,1000,1000,2838
1103,200,5,15,0.2,1.0,10,0,1544,1544,1733
1104,200,5,15,0.2,1.0,10,0,789,789,3244
1105,200,5,15,0.2,1.0,20,0,470,470,470
1106,200,5,15,0.2,1.0,20,92,184,184,675
1107,200,5,15,0.2,1.0,20,77,673,673,1595
1108,200,5,15,0.2,1.0,20,0,407,407,614
1109,200,5,15,0.2,1.0,20,0,53,76,53
1110,200,5,15,0.4,0.2,10,240380,245101,245101,253203
1111,200,5,15,0.4,0.2,10,213088,220649,220649,220760
1112,200,5,15,0.4,0.2,10,241469,244482,244482,250806
1113,200,5,15,0.4,0.2,10,216023,221038,221038,230415
1114,200,5,15,0.4,0.2,10,204956,206474,206474,213355
1115,200,5,15,0.4,0.2,20,134740,139094,139094,140273
1116,200,5,15,0.4,0.2,20,168601,170378,170378,192940
1117,200,5,15,0.4,0.2,20,162391,167837,167837,176210
1118,200,5,15,0.4,0.2,20,111654,117715,119650,117715
1119,200,5,15,0.4,0.2,20,157509,161069,161069,164637
1120,200,5,15,0.4,0.6,10,79452,83408,83408,89089
1121,200,5,15,0.4,0.6,10,74336,80304,80304,87987
1122,200,5,15,0.4,0.6,10,60980,68837,68837,75133
1123,200,5,15,0.4,0.6,10,94023,98620,98620,105313
1124,200,5,15,0.4,0.6,10,67687,79966,81197,79966
1125,200,5,15,0.4,0.6,20,46534,52887,53239,52887
1126,200,5,15,0.4,0.6,20,48331,53239,53239,54465
1127,200,5,15,0.4,0.6,20,43776,45739,45739,53016
1128,200,5,15,0.4,0.6,20,38398,43007,43007,44776
1129,200,5,15,0.4,0.6,20,55553,58104,58104,62445
1130,200,5,15,0.4,1.0,10,2293,3402,3402,4979
1131,200,5,15,0.4,1.0,10,7818,9518,9518,11436
1132,200,5,15,0.4,1.0,10,4355,5623,5623,10235
1133,200,5,15,0.4,1.0,10,2653,5926,5926,6568
1134,200,5,15,0.4,1.0,10,143,1238,1238,1433
1135,200,5,15,0.4,1.0,20,384,1071,1071,3046
1136,200,5,15,0.4,1.0,20,218,636,636,1244
1137,200,5,15,0.4,1.0,20,422,905,905,2840
1138,200,5,15,0.4,1.0,20,5857,6322,6322,9464
1139,200,5,15,0.4,1.0,20,0,277,277,654
1140,200,5,15,0.6,0.2,10,364065,364480,364480,372492
1141,200,5,15,0.6,0.2,10,320573,322198,322198,333149
1142,200,5,15,0.6,0.2,10,308517,310222,310222,319271
1143,200,5,15,0.6,0.2,10,370502,370769,370769,381604
1144,200,5,15,0.6,0.2,10,319737,324456,324456,327136
1145,200,5,15,0.6,0.2,20,311699,312411,312411,317314
1146,200,5,15,0.6,0.2,20,290233,292612,292612,295777
1147,200,5,15,0.6,0.2,20,315666,316189,316189,322797
1148,200,5,15,0.6,0.2,20,304180,304316,304316,317662
1149,200,5,15,0.6,0.2,20,231135,233804,233804,239419
1150,200,5,15,0.6,0.6,10,207873,207997,207997,214680
1151,200,5,15,0.6,0.6,10,258868,259059,259059,266846
1152,200,5,15,0.6,0.6,10,192169,192529,192529,200598
1153,200,5,15,0.6,0.6,10,205490,205490,205490,210549
1154,200,5,15,0.6,0.6,10,188730,188937,188937,196373
1155,200,5,15,0.6,0.6,20,155443,156441,156441,166287
1156,200,5,15,0.6,0.6,20,137543,137796,137796,144436
1157,200,5,15,0.6,0.6,20,153629,154058,154058,165887
1158,200,5,15,0.6,0.6,20,168318,168273,168273,180668
1159,200,5,15,0.6,0.6,20,181505,184304,184304,190260
1160,200,5,15,0.6,1.0,10,221689,221980,221980,231467
1161,200,5,15,0.6,1.0,10,138392,138359,138359,145474
1162,200,5,15,0.6,1.0,10,185805,185784,185784,192095
1163,200,5,15,0.6,1.0,10,261472,261716,261716,269750
1164,200,5,15,0.6,1.0,10,205228,205108,205108,213252
1165,200,5,15,0.6,1.0,20,291698,291698,291698,297977
1166,200,5,15,0.6,1.0,20,196967,197023,197023,204510
1167,200,5,15,0.6,1.0,20,266143,266139,266139,273906
1168,200,5,15,0.6,1.0,20,106889,107182,107182,111451
1169,200,5,15,0.6,1.0,20,212778,212793,212793,220821
1170,200,5,25,0.2,0.2,10,143034,147372,147372,152542
1171,200,5,25,0.2,0.2,10,127388,134669,134669,136457
1172,200,5,25,0.2,0.2,10,158260,168531,168531,171162
1173,200,5,25,0.2,0.2,10,148411,156322,156322,159303
1174,200,5,25,0.2,0.2,10,174110,187544,187544,195130
1175,200,5,25,0.2,0.2,20,113268,120697,120697,124883
1176,200,5,25,0.2,0.2,20,108642,124276,124276,128939
1177,200,5,25,0.2,0.2,20,141939,156641,158201,156641
1178,200,5,25,0.2,0.2,20,137538,153023,153023,158072
1179,200,5,25,0.2,0.2,20,121593,131431,131431,136984
1180,200,5,25,0.2,0.6,10,51436,58454,58454,61866
1181,200,5,25,0.2,0.6,10,38210,48618,48735,48618
1182,200,5,25,0.2,0.6,10,43174,48966,48966,56481
1183,200,5,25,0.2,0.6,10,46004,52016,52016,55316
1184,200,5,25,0.2,0.6,10,40231,46367,51401,46367
1185,200,5,25,0.2,0.6,20,25325,29211,29211,31352
1186,200,5,25,0.2,0.6,20,12617,17385,17385,19782
1187,200,5,25,0.2,0.6,20,25406,31881,31881,34079
1188,200,5,25,0.2,0.6,20,25994,30635,30635,33197
1189,200,5,25,0.2,0.6,20,10320,17194,17194,20411
1190,200,5,25,0.2,1.0,10,240,1523,1523,2795
1191,200,5,25,0.2,1.0,10,69,456,456,716
1192,200,5,25,0.2,1.0,10,77,1354,1354,1812
1193,200,5,25,0.2,1.0,10,283,1758,1758,2322
1194,200,5,25,0.2,1.0,10,123,441,441,1321
1195,200,5,25,0.2,1.0,20,0,298,298,329
1196,200,5,25,0.2,1.0,20,0,278,278,714
1197,200,5,25,0.2,1.0,20,249,1604,1604,2202
1198,200,5,25,0.2,1.0,20,0,821,895,821
1199,200,5,25,0.2,1.0,20,0,313,313,439
1200,200,5,25,0.4,0.2,10,120013,123841,124175,123841
1201,200,5,25,0.4,0.2,10,137659,142815,142815,143342
1202,200,5,25,0.4,0.2,10,137393,143409,143409,144173
1203,200,5,25,0.4,0.2,10,130342,132416,132416,137785
1204,200,5,25,0.4,0.2,10,139190,145949,147804,145949
1205,200,5,25,0.4,0.2,20,108530,110777,110777,114066
1206,200,5,25,0.4,0.2,20,107286,113560,114607,113560
1207,200,5,25,0.4,0.2,20,93941,100452,100452,103421
1208,200,5,25,0.4,0.2,20,117855,120176,120176,123405
1209,200,5,25,0.4,0.2,20,94116,95943,95943,100999
1210,200,5,25,0.4,0.6,10,54096,55137,55137,62658
1211,200,5,25,0.4,0.6,10,48401,51450,51450,54903
1212,200,5,25,0.4,0.6,10,42887,52200,52200,55410
1213,200,5,25,0.4,0.6,10,35122,37970,37970,42729
1214,200,5,25,0.4,0.6,10,67011,70886,70886,76180
1215,200,5,25,0.4,0.6,20,28356,33583,33583,34979
1216,200,5,25,0.4,0.6,20,35558,40811,40811,40909
1217,200,5,25,0.4,0.6,20,26854,30151,33096,30151
1218,200,5,25,0.4,0.6,20,37893,39267,39267,40937
1219,200,5,25,0.4,0.6,20,26347,28997,28997,32821
1220,200,5,25,0.4,1.0,10,31794,32182,32182,36530
1221,200,5,25,0.4,1.0,10,11855,13726,13726,17811
1222,200,5,25,0.4,1.0,10,11564,12554,12554,16391
1223,200,5,25,0.4,1.0,10,6335,6657,6657,7973
1224,200,5,25,0.4,1.0,10,16161,17097,17097,20972
1225,200,5,25,0.4,1.0,20,21583,21979,21979,23747
1226,200,5,25,0.4,1.0,20,507,1026,1026,2722
1227,200,5,25,0.4,1.0,20,1258,1480,1480,2066
1228,200,5,25,0.4,1.0,20,3046,5911,5911,6782
1229,200,5,25,0.4,1.0,20,1101,1779,1779,2443
1230,200,5,25,0.6,0.2,10,208570,209890,209890,215356
1231,200,5,25,0.6,0.2,10,202263,203099,203099,208421
1232,200,5,25,0.6,0.2,10,249389,253141,253141,254740
1233,200,5,25,0.6,0.2,10,237809,239129,239129,241813
1234,200,5,25,0.6,0.2,10,209761,213258,213258,215898
1235,200,5,25,0.6,0.2,20,205378,206572,206572,212183
1236,200,5,25,0.6,0.2,20,183733,183733,183733,190388
1237,200,5,25,0.6,0.2,20,215633,217716,217716,220542
1238,200,5,25,0.6,0.2,20,195614,195614,195614,203827
1239,200,5,25,0.6,0.2,20,204619,207092,207092,207925
1240,200,5,25,0.6,0.6,10,148434,148558,148558,153119
1241,200,5,25,0.6,0.6,10,189635,190476,190476,194762
1242,200,5,25,0.6,0.6,10,188415,189786,189786,194506
1243,200,5,25,0.6,0.6,10,185366,185783,185783,192483
1244,200,5,25,0.6,0.6,10,140534,141318,141318,145832
1245,200,5,25,0.6,0.6,20,136775,136869,136869,145553
1246,200,5,25,0.6,0.6,20,127137,127100,127100,131418
1247,200,5,25,0.6,0.6,20,122052,122456,122456,126049
1248,200,5,25,0.6,0.6,20,110859,110734,110734,114871
1249,200,5,25,0.6,0.6,20,163156,163805,163805,168522
1250,200,5,25,0.6,1.0,10,126326,126307,126307,129144
1251,200,5,25,0.6,1.0,10,227892,227892,227892,232027
1252,200,5,25,0.6,1.0,10,230913,230885,230885,236123
1253,200,5,25,0.6,1.0,10,174409,174390,174390,177870
1254,200,5,25,0.6,1.0,10,174735,174623,174623,179492
1255,200,5,25,0.6,1.0,20,151466,151466,151466,156186
1256,200,5,25,0.6,1.0,20,180830,180961,180961,185872
1257,200,5,25,0.6,1.0,20,175905,175969,175969,180545
1258,200,5,25,0.6,1.0,20,149037,149037,149037,151552
1259,200,5,25,0.6,1.0,20,169114,169323,169323,171241
1260,200,10,30,0.2,0.2,10,263277,275523,275523,277968
1261,200,10,30,0.2,0.2,10,164690,171573,173864,171573
1262,200,10,30,0.2,0.2,10,225643,236141,236141,242396
1263,200,10,30,0.2,0.2,10,213234,228236,228236,236063
1264,200,10,30,0.2,0.2,10,272969,281745,281745,288714
1265,200,10,30,0.2,0.2,20,169530,181345,181345,186344
1266,200,10,30,0.2,0.2,20,177941,189301,189301,198452
1267,200,10,30,0.2,0.2,20,161899,169495,170704,169495
1268,200,10,30,0.2,0.2,20,134782,138715,138715,142553
1269,200,10,30,0.2,0.2,20,153857,165640,165640,168781
1270,200,10,30,0.2,0.6,10,55558,63766,63766,77819
1271,200,10,30,0.2,0.6,10,54096,62051,62051,64602
1272,200,10,30,0.2,0.6,10,59050,65534,65534,76562
1273,200,10,30,0.2,0.6,10,62357,70085,70085,84887
1274,200,10,30,0.2,0.6,10,38026,45257,49121,45257
1275,200,10,30,0.2,0.6,20,58432,62654,62654,66836
1276,200,10,30,0.2,0.6,20,34340,41164,41164,46701
1277,200,10,30,0.2,0.6,20,35188,43345,43345,44646
1278,200,10,30,0.2,0.6,20,33533,42488,42488,48089
1279,200,10,30,0.2,0.6,20,15657,21085,21085,26465
1280,200,10,30,0.2,1.0,10,34,1502,1502,2316
1281,200,10,30,0.2,1.0,10,311,1562,1562,3694
1282,200,10,30,0.2,1.0,10,33,625,625,2314
1283,200,10,30,0.2,1.0,10,0,830,830,1949
1284,200,10,30,0.2,1.0,10,125,1408,1408,5697
1285,200,10,30,0.2,1.0,20,0,699,699,887
1286,200,10,30,0.2,1.0,20,0,585,585,1746
1287,200,10,30,0.2,1.0,20,0,361,361,2365
1288,200,10,30,0.2,1.0,20,14,1875,1875,3146
1289,200,10,30,0.2,1.0,20,0,985,985,4954
1290,200,10,30,0.4,0.2,10,241906,258537,258537,264269
1291,200,10,30,0.4,0.2,10,230463,242714,242714,244201
1292,200,10,30,0.4,0.2,10,219290,230227,230227,231361
1293,200,10,30,0.4,0.2,10,283844,288186,288186,302693
1294,200,10,30,0.4,0.2,10,244714,255249,255249,259691
1295,200,10,30,0.4,0.2,20,213018,214700,214700,229732
1296,200,10,30,0.4,0.2,20,160837,165988,165988,171024
1297,200,10,30,0.4,0.2,20,201194,204529,204529,217238
1298,200,10,30,0.4,0.2,20,211608,215815,215815,227713
1299,200,10,30,0.4,0.2,20,181107,188034,188034,193424
1300,200,10,30,0.4,0.6,10,89279,93854,93854,102693
1301,200,10,30,0.4,0.6,10,82708,86514,86514,97837
1302,200,10,30,0.4,0.6,10,113323,117284,117284,125462
1303,200,10,30,0.4,0.6,10,138730,150822,150822,158027
1304,200,10,30,0.4,0.6,10,74270,78687,78687,84626
1305,200,10,30,0.4,0.6,20,39050,45169,45169,58396
1306,200,10,30,0.4,0.6,20,76668,82284,82284,88824
1307,200,10,30,0.4,0.6,20,67128,67833,67833,81494
1308,200,10,30,0.4,0.6,20,57582,60834,60834,67672
1309,200,10,30,0.4,0.6,20,51380,54132,54132,67043
1310,200,10,30,0.4,1.0,10,59840,59871,59871,82881
1311,200,10,30,0.4,1.0,10,45379,45878,45878,58746
1312,200,10,30,0.4,1.0,10,76974,77308,77308,92026
1313,200,10,30,0.4,1.0,10,30461,31105,31105,38938
1314,200,10,30,0.4,1.0,10,107261,107956,107956,122330
1315,200,10,30,0.4,1.0,20,18822,19142,19142,23688
1316,200,10,30,0.4,1.0,20,4019,4420,4420,7431
1317,200,10,30,0.4,1.0,20,14811,15284,15284,20629
1318,200,10,30,0.4,1.0,20,19248,19444,19444,28884
1319,200,10,30,0.4,1.0,20,19485,19752,19752,25713
1320,200,10,30,0.6,0.2,10,481326,484101,484101,504175
1321,200,10,30,0.6,0.2,10,494845,498734,498734,514596
1322,200,10,30,0.6,0.2,10,548749,554554,554554,567871
1323,200,10,30,0.6,0.2,10,546211,549812,549812,567824
1324,200,10,30,0.6,0.2,10,471058,471652,471652,488747
1325,200,10,30,0.6,0.2,20,371463,372699,372699,393620
1326,200,10,30,0.6,0.2,20,429942,433315,433315,444836
1327,200,10,30,0.6,0.2,20,440280,441151,441151,460828
1328,200,10,30,0.6,0.2,20,418019,422926,422926,437011
1329,200,10,30,0.6,0.2,20,506959,507136,507136,526219
1330,200,10,30,0.6,0.6,10,343646,343532,343532,363479
1331,200,10,30,0.6,0.6,10,402983,403028,403028,419598
1332,200,10,30,0.6,0.6,10,414639,415221,415221,441856
1333,200,10,30,0.6,0.6,10,418764,418175,418175,441207
1334,200,10,30,0.6,0.6,10,432510,432358,432358,450780
1335,200,10,30,0.6,0.6,20,327558,328012,328012,344433
1336,200,10,30,0.6,0.6,20,319906,320160,320160,342051
1337,200,10,30,0.6,0.6,20,401773,402441,402441,421855
1338,200,10,30,0.6,0.6,20,291021,291985,291985,313280
1339,200,10,30,0.6,0.6,20,396709,396793,396793,416888
1340,200,10,30,0.6,1.0,10,379249,379213,379213,404006
1341,200,10,30,0.6,1.0,10,377621,377637,377637,392949
1342,200,10,30,0.6,1.0,10,380329,380522,380522,403966
1343,200,10,30,0.6,1.0,10,365511,365535,365535,381300
1344,200,10,30,0.6,1.0,10,354563,354566,354566,379397
1345,200,10,30,0.6,1.0,20,354645,354749,354749,370795
1346,200,10,30,0.6,1.0,20,353019,353019,353019,371470
1347,200,10,30,0.6,1.0,20,273963,274438,274438,284478
1348,200,10,30,0.6,1.0,20,418360,418388,418388,445028
1349,200,10,30,0.6,1.0,20,436483,437273,437273,450871
1350,200,10,50,0.2,0.2,10,126337,134131,134131,137789
1351,200,10,50,0.2,0.2,10,93401,103180,104757,103180
1352,200,10,50,0.2,0.2,10,145992,155674,158064,155674
1353,200,10,50,0.2,0.2,10,122547,130196,133733,130196
1354,200,10,50,0.2,0.2,10,144815,159345,159941,159345
1355,200,10,50,0.2,0.2,20,70760,77671,77671,80720
1356,200,10,50,0.2,0.2,20,84583,90937,90937,92601
1357,200,10,50,0.2,0.2,20,105815,116653,116985,116653
1358,200,10,50,0.2,0.2,20,88726,100905,101791,100905
1359,200,10,50,0.2,0.2,20,125819,137170,138741,137170
1360,200,10,50,0.2,0.6,10,35302,43368,43368,45354
1361,200,10,50,0.2,0.6,10,49430,56110,56110,58322
1362,200,10,50,0.2,0.6,10,33252,38070,38070,46582
1363,200,10,50,0.2,0.6,10,37519,43869,43869,47286
1364,200,10,50,0.2,0.6,10,33973,37666,37666,41891
1365,200,10,50,0.2,0.6,20,17448,22194,23760,22194
1366,200,10,50,0.2,0.6,20,19942,23935,23935,24750
1367,200,10,50,0.2,0.6,20,15556,23687,23687,25505
1368,200,10,50,0.2,0.6,20,20501,25685,25685,27130
1369,200,10,50,0.2,0.6,20,7780,12242,12242,17221
1370,200,10,50,0.2,1.0,10,356,1775,1775,3719
1371,200,10,50,0.2,1.0,10,1288,4555,4555,5431
1372,200,10,50,0.2,1.0,10,27,578,578,1495
1373,200,10,50,0.2,1.0,10,6,1361,1361,1634
1374,200,10,50,0.2,1.0,10,1799,4239,4239,5762
1375,200,10,50,0.2,1.0,20,0,1498,1498,3187
1376,200,10,50,0.2,1.0,20,2,408,448,408
1377,200,10,50,0.2,1.0,20,0,235,235,1326
1378,200,10,50,0.2,1.0,20,0,636,636,1099
1379,200,10,50,0.2,1.0,20,63,569,569,1267
1380,200,10,50,0.4,0.2,10,195377,202597,202597,207110
1381,200,10,50,0.4,0.2,10,173240,175728,175728,185841
1382,200,10,50,0.4,0.2,10,185966,189586,189586,197166
1383,200,10,50,0.4,0.2,10,186364,189583,189583,195954
1384,200,10,50,0.4,0.2,10,167821,171628,171628,179045
1385,200,10,50,0.4,0.2,20,129954,133239,133239,135912
1386,200,10,50,0.4,0.2,20,137112,145411,145411,150588
1387,200,10,50,0.4,0.2,20,150927,154922,154922,158117
1388,200,10,50,0.4,0.2,20,168180,179564,179564,181654
1389,200,10,50,0.4,0.2,20,157187,167073,167073,168910
1390,200,10,50,0.4,0.6,10,81906,88250,88250,88636
1391,200,10,50,0.4,0.6,10,87689,90920,90920,99007
1392,200,10,50,0.4,0.6,10,111013,113401,113401,123928
1393,200,10,50,0.4,0.6,10,64352,65252,65252,72526
1394,200,10,50,0.4,0.6,10,78013,82096,82096,93515
1395,200,10,50,0.4,0.6,20,43266,46073,46073,49032
1396,200,10,50,0.4,0.6,20,59477,61898,61898,69429
1397,200,10,50,0.4,0.6,20,72355,76915,76915,82743
1398,200,10,50,0.4,0.6,20,35156,38280,38280,43478
1399,200,10,50,0.4,0.6,20,55620,58868,58868,62844
1400,200,10,50,0.4,1.0,10,39690,40146,40146,48042
1401,200,10,50,0.4,1.0,10,76591,76767,76767,80934
1402,200,10,50,0.4,1.0,10,86685,87578,87578,97626
1403,200,10,50,0.4,1.0,10,72398,72415,72415,83957
1404,200,10,50,0.4,1.0,10,78393,78509,78509,90972
1405,200,10,50,0.4,1.0,20,47249,47434,47434,51313
1406,200,10,50,0.4,1.0,20,46375,46249,46249,58516
1407,200,10,50,0.4,1.0,20,43276,43801,43801,47983
1408,200,10,50,0.4,1.0,20,53738,54043,54043,58002
1409,200,10,50,0.4,1.0,20,46646,47187,47187,57808
1410,200,10,50,0.6,0.2,10,368774,370090,370090,379023
1411,200,10,50,0.6,0.2,10,336727,337874,337874,346834
1412,200,10,50,0.6,0.2,10,351244,351520,351520,360117
1413,200,10,50,0.6,0.2,10,310846,313111,313111,321870
1414,200,10,50,0.6,0.2,10,331506,332847,332847,342871
1415,200,10,50,0.6,0.2,20,296702,298750,298750,311007
1416,200,10,50,0.6,0.2,20,333964,334059,334059,347963
1417,200,10,50,0.6,0.2,20,315172,318142,318142,323081
1418,200,10,50,0.6,0.2,20,317056,317805,317805,328421
1419,200,10,50,0.6,0.2,20,347561,347919,347919,361138
1420,200,10,50,0.6,0.6,10,320850,320677,320677,338762
1421,200,10,50,0.6,0.6,10,372465,372575,372575,389036
1422,200,10,50,0.6,0.6,10,372666,373980,373980,385554
1423,200,10,50,0.6,0.6,10,350364,350603,350603,363690
1424,200,10,50,0.6,0.6,10,337486,337962,337962,351330
1425,200,10,50,0.6,0.6,20,288099,288888,288888,296293
1426,200,10,50,0.6,0.6,20,295584,295510,295510,307703
1427,200,10,50,0.6,0.6,20,302490,303285,303285,310968
1428,200,10,50,0.6,0.6,20,303866,304234,304234,319742
1429,200,10,50,0.6,0.6,20,309023,309640,309640,320315
1430,200,10,50,0.6,1.0,10,336525,336415,336415,348008
1431,200,10,50,0.6,1.0,10,317368,317937,317937,324291
1432,200,10,50,0.6,1.0,10,326511,326770,326770,345121
1433,200,10,50,0.6,1.0,10,358376,358385,358385,363629
1434,200,10,50,0.6,1.0,10,441879,441883,441883,452509
1435,200,10,50,0.6,1.0,20,317881,318280,318280,328946
1436,200,10,50,0.6,1.0,20,317549,317549,317549,329704
1437,200,10,50,0.6,1.0,20,272110,272476,272476,282663
1438,200,10,50,0.6,1.0,20,352747,352902,352902,365129
1439,200,10,50,0.6,1.0,20,320707,321023,321023,330610
