insIndex,n,c,totalMcCount,T,R,W,BKS
0000,50,5,15,0.2,0.2,10,8952
0001,50,5,15,0.2,0.2,10,6766
0002,50,5,15,0.2,0.2,10,10381
0003,50,5,15,0.2,0.2,10,8471
0004,50,5,15,0.2,0.2,10,13331
0005,50,5,15,0.2,0.2,20,5198
0006,50,5,15,0.2,0.2,20,8637
0007,50,5,15,0.2,0.2,20,5689
0008,50,5,15,0.2,0.2,20,6555
0009,50,5,15,0.2,0.2,20,5922
0010,50,5,15,0.2,0.6,10,1879
0011,50,5,15,0.2,0.6,10,2934
0012,50,5,15,0.2,0.6,10,2481
0013,50,5,15,0.2,0.6,10,438
0014,50,5,15,0.2,0.6,10,1006
0015,50,5,15,0.2,0.6,20,1287
0016,50,5,15,0.2,0.6,20,451
0017,50,5,15,0.2,0.6,20,819
0018,50,5,15,0.2,0.6,20,124
0019,50,5,15,0.2,0.6,20,1891
0020,50,5,15,0.2,1.0,10,120
0021,50,5,15,0.2,1.0,10,42
0022,50,5,15,0.2,1.0,10,370
0023,50,5,15,0.2,1.0,10,159
0024,50,5,15,0.2,1.0,10,92
0025,50,5,15,0.2,1.0,20,106
0026,50,5,15,0.2,1.0,20,0
0027,50,5,15,0.2,1.0,20,192
0028,50,5,15,0.2,1.0,20,0
0029,50,5,15,0.2,1.0,20,0
0030,50,5,15,0.4,0.2,10,16751
0031,50,5,15,0.4,0.2,10,17391
0032,50,5,15,0.4,0.2,10,12682
0033,50,5,15,0.4,0.2,10,14304
0034,50,5,15,0.4,0.2,10,18803
0035,50,5,15,0.4,0.2,20,13034
0036,50,5,15,0.4,0.2,20,17461
0037,50,5,15,0.4,0.2,20,16796
0038,50,5,15,0.4,0.2,20,15238
0039,50,5,15,0.4,0.2,20,15638
0040,50,5,15,0.4,0.6,10,7556
0041,50,5,15,0.4,0.6,10,3623
0042,50,5,15,0.4,0.6,10,6249
0043,50,5,15,0.4,0.6,10,11753
0044,50,5,15,0.4,0.6,10,5833
0045,50,5,15,0.4,0.6,20,4115
0046,50,5,15,0.4,0.6,20,4251
0047,50,5,15,0.4,0.6,20,2392
0048,50,5,15,0.4,0.6,20,5880
0049,50,5,15,0.4,0.6,20,7794
0050,50,5,15,0.4,1.0,10,8358
0051,50,5,15,0.4,1.0,10,11613
0052,50,5,15,0.4,1.0,10,10426
0053,50,5,15,0.4,1.0,10,9144
0054,50,5,15,0.4,1.0,10,8214
0055,50,5,15,0.4,1.0,20,11924
0056,50,5,15,0.4,1.0,20,4093
0057,50,5,15,0.4,1.0,20,11685
0058,50,5,15,0.4,1.0,20,3206
0059,50,5,15,0.4,1.0,20,4774
0060,50,5,15,0.6,0.2,10,40952
0061,50,5,15,0.6,0.2,10,30825
0062,50,5,15,0.6,0.2,10,34590
0063,50,5,15,0.6,0.2,10,34617
0064,50,5,15,0.6,0.2,10,33877
0065,50,5,15,0.6,0.2,20,30919
0066,50,5,15,0.6,0.2,20,25328
0067,50,5,15,0.6,0.2,20,34958
0068,50,5,15,0.6,0.2,20,37748
0069,50,5,15,0.6,0.2,20,29592
0070,50,5,15,0.6,0.6,10,40745
0071,50,5,15,0.6,0.6,10,34125
0072,50,5,15,0.6,0.6,10,39760
0073,50,5,15,0.6,0.6,10,24893
0074,50,5,15,0.6,0.6,10,31848
0075,50,5,15,0.6,0.6,20,26764
0076,50,5,15,0.6,0.6,20,34077
0077,50,5,15,0.6,0.6,20,39515
0078,50,5,15,0.6,0.6,20,37356
0079,50,5,15,0.6,0.6,20,34940
0080,50,5,15,0.6,1.0,10,32998
0081,50,5,15,0.6,1.0,10,39644
0082,50,5,15,0.6,1.0,10,41858
0083,50,5,15,0.6,1.0,10,26746
0084,50,5,15,0.6,1.0,10,48685
0085,50,5,15,0.6,1.0,20,30223
0086,50,5,15,0.6,1.0,20,35609
0087,50,5,15,0.6,1.0,20,23717
0088,50,5,15,0.6,1.0,20,32447
0089,50,5,15,0.6,1.0,20,20688
0090,50,5,25,0.2,0.2,10,6370
0091,50,5,25,0.2,0.2,10,5601
0092,50,5,25,0.2,0.2,10,6201
0093,50,5,25,0.2,0.2,10,7685
0094,50,5,25,0.2,0.2,10,4775
0095,50,5,25,0.2,0.2,20,2782
0096,50,5,25,0.2,0.2,20,4901
0097,50,5,25,0.2,0.2,20,3912
0098,50,5,25,0.2,0.2,20,5271
0099,50,5,25,0.2,0.2,20,2857
0100,50,5,25,0.2,0.6,10,1308
0101,50,5,25,0.2,0.6,10,2867
0102,50,5,25,0.2,0.6,10,2338
0103,50,5,25,0.2,0.6,10,1966
0104,50,5,25,0.2,0.6,10,1086
0105,50,5,25,0.2,0.6,20,1497
0106,50,5,25,0.2,0.6,20,265
0107,50,5,25,0.2,0.6,20,990
0108,50,5,25,0.2,0.6,20,0
0109,50,5,25,0.2,0.6,20,289
0110,50,5,25,0.2,1.0,10,1554
0111,50,5,25,0.2,1.0,10,889
0112,50,5,25,0.2,1.0,10,3854
0113,50,5,25,0.2,1.0,10,3115
0114,50,5,25,0.2,1.0,10,913
0115,50,5,25,0.2,1.0,20,2996
0116,50,5,25,0.2,1.0,20,1342
0117,50,5,25,0.2,1.0,20,183
0118,50,5,25,0.2,1.0,20,159
0119,50,5,25,0.2,1.0,20,2157
0120,50,5,25,0.4,0.2,10,11789
0121,50,5,25,0.4,0.2,10,12458
0122,50,5,25,0.4,0.2,10,12307
0123,50,5,25,0.4,0.2,10,14664
0124,50,5,25,0.4,0.2,10,14086
0125,50,5,25,0.4,0.2,20,8586
0126,50,5,25,0.4,0.2,20,12902
0127,50,5,25,0.4,0.2,20,13006
0128,50,5,25,0.4,0.2,20,11537
0129,50,5,25,0.4,0.2,20,10207
0130,50,5,25,0.4,0.6,10,9640
0131,50,5,25,0.4,0.6,10,19553
0132,50,5,25,0.4,0.6,10,10187
0133,50,5,25,0.4,0.6,10,16829
0134,50,5,25,0.4,0.6,10,8463
0135,50,5,25,0.4,0.6,20,9712
0136,50,5,25,0.4,0.6,20,8911
0137,50,5,25,0.4,0.6,20,10962
0138,50,5,25,0.4,0.6,20,12083
0139,50,5,25,0.4,0.6,20,5327
0140,50,5,25,0.4,1.0,10,9688
0141,50,5,25,0.4,1.0,10,11005
0142,50,5,25,0.4,1.0,10,14588
0143,50,5,25,0.4,1.0,10,18202
0144,50,5,25,0.4,1.0,10,21864
0145,50,5,25,0.4,1.0,20,11593
0146,50,5,25,0.4,1.0,20,18193
0147,50,5,25,0.4,1.0,20,5562
0148,50,5,25,0.4,1.0,20,5778
0149,50,5,25,0.4,1.0,20,16248
0150,50,5,25,0.6,0.2,10,29437
0151,50,5,25,0.6,0.2,10,27038
0152,50,5,25,0.6,0.2,10,32684
0153,50,5,25,0.6,0.2,10,36910
0154,50,5,25,0.6,0.2,10,33347
0155,50,5,25,0.6,0.2,20,34522
0156,50,5,25,0.6,0.2,20,22109
0157,50,5,25,0.6,0.2,20,31237
0158,50,5,25,0.6,0.2,20,33316
0159,50,5,25,0.6,0.2,20,26571
0160,50,5,25,0.6,0.6,10,37439
0161,50,5,25,0.6,0.6,10,48480
0162,50,5,25,0.6,0.6,10,31304
0163,50,5,25,0.6,0.6,10,29398
0164,50,5,25,0.6,0.6,10,29624
0165,50,5,25,0.6,0.6,20,24354
0166,50,5,25,0.6,0.6,20,28503
0167,50,5,25,0.6,0.6,20,27659
0168,50,5,25,0.6,0.6,20,24620
0169,50,5,25,0.6,0.6,20,30145
0170,50,5,25,0.6,1.0,10,30826
0171,50,5,25,0.6,1.0,10,34486
0172,50,5,25,0.6,1.0,10,28871
0173,50,5,25,0.6,1.0,10,46107
0174,50,5,25,0.6,1.0,10,32922
0175,50,5,25,0.6,1.0,20,41240
0176,50,5,25,0.6,1.0,20,25631
0177,50,5,25,0.6,1.0,20,42230
0178,50,5,25,0.6,1.0,20,35992
0179,50,5,25,0.6,1.0,20,28198
0180,50,10,30,0.2,0.2,10,10720
0181,50,10,30,0.2,0.2,10,13720
0182,50,10,30,0.2,0.2,10,12182
0183,50,10,30,0.2,0.2,10,10249
0184,50,10,30,0.2,0.2,10,10208
0185,50,10,30,0.2,0.2,20,6325
0186,50,10,30,0.2,0.2,20,6221
0187,50,10,30,0.2,0.2,20,4419
0188,50,10,30,0.2,0.2,20,6955
0189,50,10,30,0.2,0.2,20,4902
0190,50,10,30,0.2,0.6,10,8735
0191,50,10,30,0.2,0.6,10,2888
0192,50,10,30,0.2,0.6,10,2946
0193,50,10,30,0.2,0.6,10,2497
0194,50,10,30,0.2,0.6,10,1738
0195,50,10,30,0.2,0.6,20,2233
0196,50,10,30,0.2,0.6,20,3764
0197,50,10,30,0.2,0.6,20,2600
0198,50,10,30,0.2,0.6,20,0
0199,50,10,30,0.2,0.6,20,104
0200,50,10,30,0.2,1.0,10,4017
0201,50,10,30,0.2,1.0,10,4600
0202,50,10,30,0.2,1.0,10,9686
0203,50,10,30,0.2,1.0,10,1038
0204,50,10,30,0.2,1.0,10,13184
0205,50,10,30,0.2,1.0,20,674
0206,50,10,30,0.2,1.0,20,6715
0207,50,10,30,0.2,1.0,20,3191
0208,50,10,30,0.2,1.0,20,2771
0209,50,10,30,0.2,1.0,20,291
0210,50,10,30,0.4,0.2,10,32123
0211,50,10,30,0.4,0.2,10,29119
0212,50,10,30,0.4,0.2,10,30729
0213,50,10,30,0.4,0.2,10,32527
0214,50,10,30,0.4,0.2,10,28191
0215,50,10,30,0.4,0.2,20,18622
0216,50,10,30,0.4,0.2,20,24851
0217,50,10,30,0.4,0.2,20,15952
0218,50,10,30,0.4,0.2,20,25339
0219,50,10,30,0.4,0.2,20,29073
0220,50,10,30,0.4,0.6,10,21575
0221,50,10,30,0.4,0.6,10,31462
0222,50,10,30,0.4,0.6,10,23135
0223,50,10,30,0.4,0.6,10,23252
0224,50,10,30,0.4,0.6,10,28545
0225,50,10,30,0.4,0.6,20,23582
0226,50,10,30,0.4,0.6,20,26921
0227,50,10,30,0.4,0.6,20,23851
0228,50,10,30,0.4,0.6,20,29790
0229,50,10,30,0.4,0.6,20,21505
0230,50,10,30,0.4,1.0,10,53034
0231,50,10,30,0.4,1.0,10,31318
0232,50,10,30,0.4,1.0,10,22375
0233,50,10,30,0.4,1.0,10,46884
0234,50,10,30,0.4,1.0,10,24797
0235,50,10,30,0.4,1.0,20,28312
0236,50,10,30,0.4,1.0,20,35204
0237,50,10,30,0.4,1.0,20,16866
0238,50,10,30,0.4,1.0,20,39317
0239,50,10,30,0.4,1.0,20,27382
0240,50,10,30,0.6,0.2,10,59751
0241,50,10,30,0.6,0.2,10,74988
0242,50,10,30,0.6,0.2,10,76982
0243,50,10,30,0.6,0.2,10,73348
0244,50,10,30,0.6,0.2,10,62049
0245,50,10,30,0.6,0.2,20,59528
0246,50,10,30,0.6,0.2,20,76366
0247,50,10,30,0.6,0.2,20,43050
0248,50,10,30,0.6,0.2,20,62311
0249,50,10,30,0.6,0.2,20,68087
0250,50,10,30,0.6,0.6,10,74248
0251,50,10,30,0.6,0.6,10,78503
0252,50,10,30,0.6,0.6,10,66519
0253,50,10,30,0.6,0.6,10,92125
0254,50,10,30,0.6,0.6,10,73728
0255,50,10,30,0.6,0.6,20,63157
0256,50,10,30,0.6,0.6,20,62693
0257,50,10,30,0.6,0.6,20,50340
0258,50,10,30,0.6,0.6,20,70724
0259,50,10,30,0.6,0.6,20,73508
0260,50,10,30,0.6,1.0,10,43347
0261,50,10,30,0.6,1.0,10,73332
0262,50,10,30,0.6,1.0,10,65641
0263,50,10,30,0.6,1.0,10,72205
0264,50,10,30,0.6,1.0,10,64072
0265,50,10,30,0.6,1.0,20,85471
0266,50,10,30,0.6,1.0,20,67310
0267,50,10,30,0.6,1.0,20,64852
0268,50,10,30,0.6,1.0,20,85045
0269,50,10,30,0.6,1.0,20,71853
0270,50,10,50,0.2,0.2,10,10650
0271,50,10,50,0.2,0.2,10,9533
0272,50,10,50,0.2,0.2,10,5702
0273,50,10,50,0.2,0.2,10,7365
0274,50,10,50,0.2,0.2,10,12842
0275,50,10,50,0.2,0.2,20,6218
0276,50,10,50,0.2,0.2,20,9372
0277,50,10,50,0.2,0.2,20,6862
0278,50,10,50,0.2,0.2,20,6586
0279,50,10,50,0.2,0.2,20,7461
0280,50,10,50,0.2,0.6,10,7032
0281,50,10,50,0.2,0.6,10,13477
0282,50,10,50,0.2,0.6,10,10482
0283,50,10,50,0.2,0.6,10,4223
0284,50,10,50,0.2,0.6,10,8812
0285,50,10,50,0.2,0.6,20,1149
0286,50,10,50,0.2,0.6,20,2153
0287,50,10,50,0.2,0.6,20,5383
0288,50,10,50,0.2,0.6,20,5001
0289,50,10,50,0.2,0.6,20,6223
0290,50,10,50,0.2,1.0,10,4861
0291,50,10,50,0.2,1.0,10,11297
0292,50,10,50,0.2,1.0,10,25974
0293,50,10,50,0.2,1.0,10,25770
0294,50,10,50,0.2,1.0,10,14783
0295,50,10,50,0.2,1.0,20,9969
0296,50,10,50,0.2,1.0,20,8823
0297,50,10,50,0.2,1.0,20,13343
0298,50,10,50,0.2,1.0,20,13649
0299,50,10,50,0.2,1.0,20,10915
0300,50,10,50,0.4,0.2,10,35754
0301,50,10,50,0.4,0.2,10,30916
0302,50,10,50,0.4,0.2,10,28835
0303,50,10,50,0.4,0.2,10,28125
0304,50,10,50,0.4,0.2,10,27384
0305,50,10,50,0.4,0.2,20,26794
0306,50,10,50,0.4,0.2,20,23063
0307,50,10,50,0.4,0.2,20,31582
0308,50,10,50,0.4,0.2,20,25120
0309,50,10,50,0.4,0.2,20,31387
0310,50,10,50,0.4,0.6,10,36067
0311,50,10,50,0.4,0.6,10,30683
0312,50,10,50,0.4,0.6,10,38819
0313,50,10,50,0.4,0.6,10,27432
0314,50,10,50,0.4,0.6,10,27643
0315,50,10,50,0.4,0.6,20,28406
0316,50,10,50,0.4,0.6,20,30396
0317,50,10,50,0.4,0.6,20,43521
0318,50,10,50,0.4,0.6,20,19735
0319,50,10,50,0.4,0.6,20,23716
0320,50,10,50,0.4,1.0,10,33425
0321,50,10,50,0.4,1.0,10,42662
0322,50,10,50,0.4,1.0,10,46469
0323,50,10,50,0.4,1.0,10,34576
0324,50,10,50,0.4,1.0,10,30190
0325,50,10,50,0.4,1.0,20,41442
0326,50,10,50,0.4,1.0,20,34859
0327,50,10,50,0.4,1.0,20,53690
0328,50,10,50,0.4,1.0,20,24663
0329,50,10,50,0.4,1.0,20,41353
0330,50,10,50,0.6,0.2,10,61173
0331,50,10,50,0.6,0.2,10,71490
0332,50,10,50,0.6,0.2,10,61300
0333,50,10,50,0.6,0.2,10,71464
0334,50,10,50,0.6,0.2,10,53931
0335,50,10,50,0.6,0.2,20,60623
0336,50,10,50,0.6,0.2,20,72966
0337,50,10,50,0.6,0.2,20,66528
0338,50,10,50,0.6,0.2,20,73880
0339,50,10,50,0.6,0.2,20,57242
0340,50,10,50,0.6,0.6,10,65769
0341,50,10,50,0.6,0.6,10,76251
0342,50,10,50,0.6,0.6,10,71648
0343,50,10,50,0.6,0.6,10,78898
0344,50,10,50,0.6,0.6,10,79653
0345,50,10,50,0.6,0.6,20,63859
0346,50,10,50,0.6,0.6,20,69014
0347,50,10,50,0.6,0.6,20,71658
0348,50,10,50,0.6,0.6,20,59881
0349,50,10,50,0.6,0.6,20,66051
0350,50,10,50,0.6,1.0,10,51064
0351,50,10,50,0.6,1.0,10,67123
0352,50,10,50,0.6,1.0,10,55309
0353,50,10,50,0.6,1.0,10,98539
0354,50,10,50,0.6,1.0,10,84882
0355,50,10,50,0.6,1.0,20,68631
0356,50,10,50,0.6,1.0,20,73861
0357,50,10,50,0.6,1.0,20,87702
0358,50,10,50,0.6,1.0,20,82887
0359,50,10,50,0.6,1.0,20,66274
0360,100,5,15,0.2,0.2,10,41726
0361,100,5,15,0.2,0.2,10,36855
0362,100,5,15,0.2,0.2,10,41432
0363,100,5,15,0.2,0.2,10,38944
0364,100,5,15,0.2,0.2,10,46609
0365,100,5,15,0.2,0.2,20,19459
0366,100,5,15,0.2,0.2,20,35005
0367,100,5,15,0.2,0.2,20,37278
0368,100,5,15,0.2,0.2,20,33041
0369,100,5,15,0.2,0.2,20,19427
0370,100,5,15,0.2,0.6,10,10464
0371,100,5,15,0.2,0.6,10,7984
0372,100,5,15,0.2,0.6,10,5516
0373,100,5,15,0.2,0.6,10,18631
0374,100,5,15,0.2,0.6,10,14783
0375,100,5,15,0.2,0.6,20,4460
0376,100,5,15,0.2,0.6,20,2301
0377,100,5,15,0.2,0.6,20,753
0378,100,5,15,0.2,0.6,20,2804
0379,100,5,15,0.2,0.6,20,6899
0380,100,5,15,0.2,1.0,10,278
0381,100,5,15,0.2,1.0,10,477
0382,100,5,15,0.2,1.0,10,162
0383,100,5,15,0.2,1.0,10,576
0384,100,5,15,0.2,1.0,10,445
0385,100,5,15,0.2,1.0,20,0
0386,100,5,15,0.2,1.0,20,0
0387,100,5,15,0.2,1.0,20,0
0388,100,5,15,0.2,1.0,20,0
0389,100,5,15,0.2,1.0,20,10
0390,100,5,15,0.4,0.2,10,59011
0391,100,5,15,0.4,0.2,10,59063
0392,100,5,15,0.4,0.2,10,60768
0393,100,5,15,0.4,0.2,10,55053
0394,100,5,15,0.4,0.2,10,40921
0395,100,5,15,0.4,0.2,20,45970
0396,100,5,15,0.4,0.2,20,44312
0397,100,5,15,0.4,0.2,20,53753
0398,100,5,15,0.4,0.2,20,39983
0399,100,5,15,0.4,0.2,20,46895
0400,100,5,15,0.4,0.6,10,13928
0401,100,5,15,0.4,0.6,10,18647
0402,100,5,15,0.4,0.6,10,15495
0403,100,5,15,0.4,0.6,10,15511
0404,100,5,15,0.4,0.6,10,19984
0405,100,5,15,0.4,0.6,20,15630
0406,100,5,15,0.4,0.6,20,8889
0407,100,5,15,0.4,0.6,20,10024
0408,100,5,15,0.4,0.6,20,14647
0409,100,5,15,0.4,0.6,20,10806
0410,100,5,15,0.4,1.0,10,1340
0411,100,5,15,0.4,1.0,10,15297
0412,100,5,15,0.4,1.0,10,3410
0413,100,5,15,0.4,1.0,10,6508
0414,100,5,15,0.4,1.0,10,5999
0415,100,5,15,0.4,1.0,20,417
0416,100,5,15,0.4,1.0,20,3725
0417,100,5,15,0.4,1.0,20,3396
0418,100,5,15,0.4,1.0,20,6840
0419,100,5,15,0.4,1.0,20,5398
0420,100,5,15,0.6,0.2,10,109459
0421,100,5,15,0.6,0.2,10,100364
0422,100,5,15,0.6,0.2,10,108817
0423,100,5,15,0.6,0.2,10,88297
0424,100,5,15,0.6,0.2,10,86240
0425,100,5,15,0.6,0.2,20,73567
0426,100,5,15,0.6,0.2,20,80742
0427,100,5,15,0.6,0.2,20,80243
0428,100,5,15,0.6,0.2,20,70637
0429,100,5,15,0.6,0.2,20,76239
0430,100,5,15,0.6,0.6,10,50116
0431,100,5,15,0.6,0.6,10,74116
0432,100,5,15,0.6,0.6,10,70565
0433,100,5,15,0.6,0.6,10,93324
0434,100,5,15,0.6,0.6,10,92005
0435,100,5,15,0.6,0.6,20,99268
0436,100,5,15,0.6,0.6,20,77791
0437,100,5,15,0.6,0.6,20,61278
0438,100,5,15,0.6,0.6,20,83861
0439,100,5,15,0.6,0.6,20,67612
0440,100,5,15,0.6,1.0,10,83614
0441,100,5,15,0.6,1.0,10,73313
0442,100,5,15,0.6,1.0,10,73390
0443,100,5,15,0.6,1.0,10,77077
0444,100,5,15,0.6,1.0,10,100772
0445,100,5,15,0.6,1.0,20,83986
0446,100,5,15,0.6,1.0,20,79097
0447,100,5,15,0.6,1.0,20,62576
0448,100,5,15,0.6,1.0,20,77220
0449,100,5,15,0.6,1.0,20,70494
0450,100,5,25,0.2,0.2,10,25648
0451,100,5,25,0.2,0.2,10,29950
0452,100,5,25,0.2,0.2,10,25058
0453,100,5,25,0.2,0.2,10,26646
0454,100,5,25,0.2,0.2,10,26947
0455,100,5,25,0.2,0.2,20,17083
0456,100,5,25,0.2,0.2,20,19573
0457,100,5,25,0.2,0.2,20,16546
0458,100,5,25,0.2,0.2,20,16548
0459,100,5,25,0.2,0.2,20,13847
0460,100,5,25,0.2,0.6,10,4266
0461,100,5,25,0.2,0.6,10,6175
0462,100,5,25,0.2,0.6,10,4604
0463,100,5,25,0.2,0.6,10,5579
0464,100,5,25,0.2,0.6,10,8780
0465,100,5,25,0.2,0.6,20,3872
0466,100,5,25,0.2,0.6,20,2470
0467,100,5,25,0.2,0.6,20,1953
0468,100,5,25,0.2,0.6,20,1880
0469,100,5,25,0.2,0.6,20,1702
0470,100,5,25,0.2,1.0,10,0
0471,100,5,25,0.2,1.0,10,19
0472,100,5,25,0.2,1.0,10,342
0473,100,5,25,0.2,1.0,10,4
0474,100,5,25,0.2,1.0,10,377
0475,100,5,25,0.2,1.0,20,0
0476,100,5,25,0.2,1.0,20,0
0477,100,5,25,0.2,1.0,20,0
0478,100,5,25,0.2,1.0,20,0
0479,100,5,25,0.2,1.0,20,0
0480,100,5,25,0.4,0.2,10,35763
0481,100,5,25,0.4,0.2,10,38132
0482,100,5,25,0.4,0.2,10,35901
0483,100,5,25,0.4,0.2,10,36878
0484,100,5,25,0.4,0.2,10,37435
0485,100,5,25,0.4,0.2,20,25705
0486,100,5,25,0.4,0.2,20,26852
0487,100,5,25,0.4,0.2,20,29509
0488,100,5,25,0.4,0.2,20,17456
0489,100,5,25,0.4,0.2,20,28442
0490,100,5,25,0.4,0.6,10,10146
0491,100,5,25,0.4,0.6,10,19633
0492,100,5,25,0.4,0.6,10,11095
0493,100,5,25,0.4,0.6,10,12027
0494,100,5,25,0.4,0.6,10,16713
0495,100,5,25,0.4,0.6,20,8926
0496,100,5,25,0.4,0.6,20,12655
0497,100,5,25,0.4,0.6,20,11058
0498,100,5,25,0.4,0.6,20,10503
0499,100,5,25,0.4,0.6,20,12379
0500,100,5,25,0.4,1.0,10,15653
0501,100,5,25,0.4,1.0,10,26138
0502,100,5,25,0.4,1.0,10,14885
0503,100,5,25,0.4,1.0,10,7122
0504,100,5,25,0.4,1.0,10,14274
0505,100,5,25,0.4,1.0,20,13572
0506,100,5,25,0.4,1.0,20,10783
0507,100,5,25,0.4,1.0,20,9251
0508,100,5,25,0.4,1.0,20,11395
0509,100,5,25,0.4,1.0,20,12559
0510,100,5,25,0.6,0.2,10,69184
0511,100,5,25,0.6,0.2,10,58264
0512,100,5,25,0.6,0.2,10,75029
0513,100,5,25,0.6,0.2,10,59270
0514,100,5,25,0.6,0.2,10,80075
0515,100,5,25,0.6,0.2,20,63154
0516,100,5,25,0.6,0.2,20,69359
0517,100,5,25,0.6,0.2,20,66391
0518,100,5,25,0.6,0.2,20,74141
0519,100,5,25,0.6,0.2,20,56400
0520,100,5,25,0.6,0.6,10,68902
0521,100,5,25,0.6,0.6,10,52977
0522,100,5,25,0.6,0.6,10,93023
0523,100,5,25,0.6,0.6,10,75379
0524,100,5,25,0.6,0.6,10,71141
0525,100,5,25,0.6,0.6,20,63053
0526,100,5,25,0.6,0.6,20,56975
0527,100,5,25,0.6,0.6,20,76106
0528,100,5,25,0.6,0.6,20,49504
0529,100,5,25,0.6,0.6,20,85387
0530,100,5,25,0.6,1.0,10,76124
0531,100,5,25,0.6,1.0,10,70386
0532,100,5,25,0.6,1.0,10,53509
0533,100,5,25,0.6,1.0,10,77129
0534,100,5,25,0.6,1.0,10,60549
0535,100,5,25,0.6,1.0,20,67790
0536,100,5,25,0.6,1.0,20,72326
0537,100,5,25,0.6,1.0,20,71318
0538,100,5,25,0.6,1.0,20,48123
0539,100,5,25,0.6,1.0,20,71002
0540,100,10,30,0.2,0.2,10,53075
0541,100,10,30,0.2,0.2,10,38273
0542,100,10,30,0.2,0.2,10,45879
0543,100,10,30,0.2,0.2,10,36854
0544,100,10,30,0.2,0.2,10,30964
0545,100,10,30,0.2,0.2,20,22092
0546,100,10,30,0.2,0.2,20,34194
0547,100,10,30,0.2,0.2,20,30761
0548,100,10,30,0.2,0.2,20,29534
0549,100,10,30,0.2,0.2,20,33545
0550,100,10,30,0.2,0.6,10,12716
0551,100,10,30,0.2,0.6,10,14758
0552,100,10,30,0.2,0.6,10,10768
0553,100,10,30,0.2,0.6,10,3025
0554,100,10,30,0.2,0.6,10,10775
0555,100,10,30,0.2,0.6,20,4003
0556,100,10,30,0.2,0.6,20,6759
0557,100,10,30,0.2,0.6,20,3418
0558,100,10,30,0.2,0.6,20,4878
0559,100,10,30,0.2,0.6,20,5318
0560,100,10,30,0.2,1.0,10,26
0561,100,10,30,0.2,1.0,10,0
0562,100,10,30,0.2,1.0,10,0
0563,100,10,30,0.2,1.0,10,0
0564,100,10,30,0.2,1.0,10,0
0565,100,10,30,0.2,1.0,20,0
0566,100,10,30,0.2,1.0,20,0
0567,100,10,30,0.2,1.0,20,0
0568,100,10,30,0.2,1.0,20,0
0569,100,10,30,0.2,1.0,20,0
0570,100,10,30,0.4,0.2,10,66525
0571,100,10,30,0.4,0.2,10,71114
0572,100,10,30,0.4,0.2,10,91408
0573,100,10,30,0.4,0.2,10,74502
0574,100,10,30,0.4,0.2,10,53283
0575,100,10,30,0.4,0.2,20,45228
0576,100,10,30,0.4,0.2,20,61206
0577,100,10,30,0.4,0.2,20,55368
0578,100,10,30,0.4,0.2,20,53142
0579,100,10,30,0.4,0.2,20,51800
0580,100,10,30,0.4,0.6,10,33698
0581,100,10,30,0.4,0.6,10,40677
0582,100,10,30,0.4,0.6,10,27498
0583,100,10,30,0.4,0.6,10,31216
0584,100,10,30,0.4,0.6,10,64692
0585,100,10,30,0.4,0.6,20,29013
0586,100,10,30,0.4,0.6,20,26019
0587,100,10,30,0.4,0.6,20,34547
0588,100,10,30,0.4,0.6,20,26160
0589,100,10,30,0.4,0.6,20,21933
0590,100,10,30,0.4,1.0,10,58625
0591,100,10,30,0.4,1.0,10,52900
0592,100,10,30,0.4,1.0,10,32718
0593,100,10,30,0.4,1.0,10,35950
0594,100,10,30,0.4,1.0,10,38629
0595,100,10,30,0.4,1.0,20,17085
0596,100,10,30,0.4,1.0,20,40500
0597,100,10,30,0.4,1.0,20,30774
0598,100,10,30,0.4,1.0,20,39408
0599,100,10,30,0.4,1.0,20,32314
0600,100,10,30,0.6,0.2,10,185746
0601,100,10,30,0.6,0.2,10,164222
0602,100,10,30,0.6,0.2,10,158332
0603,100,10,30,0.6,0.2,10,152725
0604,100,10,30,0.6,0.2,10,153918
0605,100,10,30,0.6,0.2,20,161299
0606,100,10,30,0.6,0.2,20,151513
0607,100,10,30,0.6,0.2,20,141728
0608,100,10,30,0.6,0.2,20,138267
0609,100,10,30,0.6,0.2,20,146880
0610,100,10,30,0.6,0.6,10,172967
0611,100,10,30,0.6,0.6,10,169668
0612,100,10,30,0.6,0.6,10,158262
0613,100,10,30,0.6,0.6,10,190976
0614,100,10,30,0.6,0.6,10,182722
0615,100,10,30,0.6,0.6,20,161071
0616,100,10,30,0.6,0.6,20,123000
0617,100,10,30,0.6,0.6,20,140110
0618,100,10,30,0.6,0.6,20,180116
0619,100,10,30,0.6,0.6,20,165634
0620,100,10,30,0.6,1.0,10,162547
0621,100,10,30,0.6,1.0,10,214613
0622,100,10,30,0.6,1.0,10,198436
0623,100,10,30,0.6,1.0,10,174727
0624,100,10,30,0.6,1.0,10,194363
0625,100,10,30,0.6,1.0,20,112490
0626,100,10,30,0.6,1.0,20,129977
0627,100,10,30,0.6,1.0,20,124577
0628,100,10,30,0.6,1.0,20,152409
0629,100,10,30,0.6,1.0,20,169758
0630,100,10,50,0.2,0.2,10,26979
0631,100,10,50,0.2,0.2,10,24062
0632,100,10,50,0.2,0.2,10,30774
0633,100,10,50,0.2,0.2,10,26921
0634,100,10,50,0.2,0.2,10,29757
0635,100,10,50,0.2,0.2,20,11707
0636,100,10,50,0.2,0.2,20,15190
0637,100,10,50,0.2,0.2,20,15470
0638,100,10,50,0.2,0.2,20,16813
0639,100,10,50,0.2,0.2,20,19088
0640,100,10,50,0.2,0.6,10,4594
0641,100,10,50,0.2,0.6,10,5784
0642,100,10,50,0.2,0.6,10,4577
0643,100,10,50,0.2,0.6,10,4555
0644,100,10,50,0.2,0.6,10,6688
0645,100,10,50,0.2,0.6,20,358
0646,100,10,50,0.2,0.6,20,1130
0647,100,10,50,0.2,0.6,20,8
0648,100,10,50,0.2,0.6,20,596
0649,100,10,50,0.2,0.6,20,989
0650,100,10,50,0.2,1.0,10,8151
0651,100,10,50,0.2,1.0,10,3067
0652,100,10,50,0.2,1.0,10,4200
0653,100,10,50,0.2,1.0,10,3854
0654,100,10,50,0.2,1.0,10,9451
0655,100,10,50,0.2,1.0,20,708
0656,100,10,50,0.2,1.0,20,8213
0657,100,10,50,0.2,1.0,20,266
0658,100,10,50,0.2,1.0,20,6637
0659,100,10,50,0.2,1.0,20,2482
0660,100,10,50,0.4,0.2,10,62746
0661,100,10,50,0.4,0.2,10,53709
0662,100,10,50,0.4,0.2,10,58495
0663,100,10,50,0.4,0.2,10,55813
0664,100,10,50,0.4,0.2,10,62852
0665,100,10,50,0.4,0.2,20,40251
0666,100,10,50,0.4,0.2,20,33808
0667,100,10,50,0.4,0.2,20,46791
0668,100,10,50,0.4,0.2,20,39785
0669,100,10,50,0.4,0.2,20,39643
0670,100,10,50,0.4,0.6,10,34969
0671,100,10,50,0.4,0.6,10,34599
0672,100,10,50,0.4,0.6,10,43772
0673,100,10,50,0.4,0.6,10,42225
0674,100,10,50,0.4,0.6,10,39852
0675,100,10,50,0.4,0.6,20,25811
0676,100,10,50,0.4,0.6,20,43957
0677,100,10,50,0.4,0.6,20,35897
0678,100,10,50,0.4,0.6,20,29349
0679,100,10,50,0.4,0.6,20,21626
0680,100,10,50,0.4,1.0,10,51362
0681,100,10,50,0.4,1.0,10,66529
0682,100,10,50,0.4,1.0,10,57863
0683,100,10,50,0.4,1.0,10,64669
0684,100,10,50,0.4,1.0,10,51269
0685,100,10,50,0.4,1.0,20,42947
0686,100,10,50,0.4,1.0,20,32169
0687,100,10,50,0.4,1.0,20,73781
0688,100,10,50,0.4,1.0,20,64625
0689,100,10,50,0.4,1.0,20,87590
0690,100,10,50,0.6,0.2,10,145031
0691,100,10,50,0.6,0.2,10,126595
0692,100,10,50,0.6,0.2,10,135316
0693,100,10,50,0.6,0.2,10,139997
0694,100,10,50,0.6,0.2,10,144614
0695,100,10,50,0.6,0.2,20,133243
0696,100,10,50,0.6,0.2,20,110086
0697,100,10,50,0.6,0.2,20,157864
0698,100,10,50,0.6,0.2,20,99001
0699,100,10,50,0.6,0.2,20,109120
0700,100,10,50,0.6,0.6,10,149329
0701,100,10,50,0.6,0.6,10,142662
0702,100,10,50,0.6,0.6,10,149292
0703,100,10,50,0.6,0.6,10,118197
0704,100,10,50,0.6,0.6,10,152069
0705,100,10,50,0.6,0.6,20,142181
0706,100,10,50,0.6,0.6,20,165237
0707,100,10,50,0.6,0.6,20,121606
0708,100,10,50,0.6,0.6,20,138914
0709,100,10,50,0.6,0.6,20,136934
0710,100,10,50,0.6,1.0,10,159316
0711,100,10,50,0.6,1.0,10,167294
0712,100,10,50,0.6,1.0,10,150660
0713,100,10,50,0.6,1.0,10,124949
0714,100,10,50,0.6,1.0,10,173068
0715,100,10,50,0.6,1.0,20,152807
0716,100,10,50,0.6,1.0,20,136004
0717,100,10,50,0.6,1.0,20,144855
0718,100,10,50,0.6,1.0,20,132515
0719,100,10,50,0.6,1.0,20,104990
0720,150,5,15,0.2,0.2,10,126752
0721,150,5,15,0.2,0.2,10,104113
0722,150,5,15,0.2,0.2,10,94398
0723,150,5,15,0.2,0.2,10,81874
0724,150,5,15,0.2,0.2,10,106120
0725,150,5,15,0.2,0.2,20,71344
0726,150,5,15,0.2,0.2,20,59370
0727,150,5,15,0.2,0.2,20,62349
0728,150,5,15,0.2,0.2,20,57525
0729,150,5,15,0.2,0.2,20,74649
0730,150,5,15,0.2,0.6,10,36516
0731,150,5,15,0.2,0.6,10,17038
0732,150,5,15,0.2,0.6,10,43018
0733,150,5,15,0.2,0.6,10,32096
0734,150,5,15,0.2,0.6,10,32293
0735,150,5,15,0.2,0.6,20,14731
0736,150,5,15,0.2,0.6,20,18367
0737,150,5,15,0.2,0.6,20,15715
0738,150,5,15,0.2,0.6,20,17118
0739,150,5,15,0.2,0.6,20,15493
0740,150,5,15,0.2,1.0,10,57
0741,150,5,15,0.2,1.0,10,120
0742,150,5,15,0.2,1.0,10,87
0743,150,5,15,0.2,1.0,10,1497
0744,150,5,15,0.2,1.0,10,26
0745,150,5,15,0.2,1.0,20,0
0746,150,5,15,0.2,1.0,20,0
0747,150,5,15,0.2,1.0,20,0
0748,150,5,15,0.2,1.0,20,0
0749,150,5,15,0.2,1.0,20,0
0750,150,5,15,0.4,0.2,10,134357
0751,150,5,15,0.4,0.2,10,98160
0752,150,5,15,0.4,0.2,10,135912
0753,150,5,15,0.4,0.2,10,129381
0754,150,5,15,0.4,0.2,10,103604
0755,150,5,15,0.4,0.2,20,92200
0756,150,5,15,0.4,0.2,20,100027
0757,150,5,15,0.4,0.2,20,90642
0758,150,5,15,0.4,0.2,20,79060
0759,150,5,15,0.4,0.2,20,89686
0760,150,5,15,0.4,0.6,10,35338
0761,150,5,15,0.4,0.6,10,39352
0762,150,5,15,0.4,0.6,10,53563
0763,150,5,15,0.4,0.6,10,58753
0764,150,5,15,0.4,0.6,10,36755
0765,150,5,15,0.4,0.6,20,30556
0766,150,5,15,0.4,0.6,20,23929
0767,150,5,15,0.4,0.6,20,23693
0768,150,5,15,0.4,0.6,20,10717
0769,150,5,15,0.4,0.6,20,29967
0770,150,5,15,0.4,1.0,10,3265
0771,150,5,15,0.4,1.0,10,3508
0772,150,5,15,0.4,1.0,10,17132
0773,150,5,15,0.4,1.0,10,4643
0774,150,5,15,0.4,1.0,10,6826
0775,150,5,15,0.4,1.0,20,152
0776,150,5,15,0.4,1.0,20,3219
0777,150,5,15,0.4,1.0,20,669
0778,150,5,15,0.4,1.0,20,5512
0779,150,5,15,0.4,1.0,20,30
0780,150,5,15,0.6,0.2,10,210795
0781,150,5,15,0.6,0.2,10,201108
0782,150,5,15,0.6,0.2,10,196386
0783,150,5,15,0.6,0.2,10,201082
0784,150,5,15,0.6,0.2,10,215482
0785,150,5,15,0.6,0.2,20,164588
0786,150,5,15,0.6,0.2,20,181269
0787,150,5,15,0.6,0.2,20,167260
0788,150,5,15,0.6,0.2,20,174085
0789,150,5,15,0.6,0.2,20,171643
0790,150,5,15,0.6,0.6,10,129501
0791,150,5,15,0.6,0.6,10,114439
0792,150,5,15,0.6,0.6,10,71568
0793,150,5,15,0.6,0.6,10,163821
0794,150,5,15,0.6,0.6,10,105155
0795,150,5,15,0.6,0.6,20,122119
0796,150,5,15,0.6,0.6,20,142303
0797,150,5,15,0.6,0.6,20,108693
0798,150,5,15,0.6,0.6,20,97083
0799,150,5,15,0.6,0.6,20,101975
0800,150,5,15,0.6,1.0,10,168051
0801,150,5,15,0.6,1.0,10,164273
0802,150,5,15,0.6,1.0,10,111321
0803,150,5,15,0.6,1.0,10,142489
0804,150,5,15,0.6,1.0,10,186890
0805,150,5,15,0.6,1.0,20,94845
0806,150,5,15,0.6,1.0,20,120509
0807,150,5,15,0.6,1.0,20,247711
0808,150,5,15,0.6,1.0,20,95331
0809,150,5,15,0.6,1.0,20,111322
0810,150,5,25,0.2,0.2,10,62338
0811,150,5,25,0.2,0.2,10,67811
0812,150,5,25,0.2,0.2,10,61879
0813,150,5,25,0.2,0.2,10,61311
0814,150,5,25,0.2,0.2,10,67096
0815,150,5,25,0.2,0.2,20,52011
0816,150,5,25,0.2,0.2,20,49600
0817,150,5,25,0.2,0.2,20,53761
0818,150,5,25,0.2,0.2,20,44557
0819,150,5,25,0.2,0.2,20,50762
0820,150,5,25,0.2,0.6,10,24179
0821,150,5,25,0.2,0.6,10,20437
0822,150,5,25,0.2,0.6,10,26884
0823,150,5,25,0.2,0.6,10,16234
0824,150,5,25,0.2,0.6,10,23837
0825,150,5,25,0.2,0.6,20,7267
0826,150,5,25,0.2,0.6,20,5233
0827,150,5,25,0.2,0.6,20,14500
0828,150,5,25,0.2,0.6,20,13749
0829,150,5,25,0.2,0.6,20,17328
0830,150,5,25,0.2,1.0,10,272
0831,150,5,25,0.2,1.0,10,81
0832,150,5,25,0.2,1.0,10,618
0833,150,5,25,0.2,1.0,10,142
0834,150,5,25,0.2,1.0,10,358
0835,150,5,25,0.2,1.0,20,47
0836,150,5,25,0.2,1.0,20,0
0837,150,5,25,0.2,1.0,20,0
0838,150,5,25,0.2,1.0,20,0
0839,150,5,25,0.2,1.0,20,50
0840,150,5,25,0.4,0.2,10,77489
0841,150,5,25,0.4,0.2,10,89132
0842,150,5,25,0.4,0.2,10,75555
0843,150,5,25,0.4,0.2,10,67445
0844,150,5,25,0.4,0.2,10,80785
0845,150,5,25,0.4,0.2,20,57341
0846,150,5,25,0.4,0.2,20,65902
0847,150,5,25,0.4,0.2,20,54643
0848,150,5,25,0.4,0.2,20,60861
0849,150,5,25,0.4,0.2,20,60306
0850,150,5,25,0.4,0.6,10,20671
0851,150,5,25,0.4,0.6,10,21001
0852,150,5,25,0.4,0.6,10,31258
0853,150,5,25,0.4,0.6,10,29081
0854,150,5,25,0.4,0.6,10,36508
0855,150,5,25,0.4,0.6,20,21879
0856,150,5,25,0.4,0.6,20,22192
0857,150,5,25,0.4,0.6,20,18643
0858,150,5,25,0.4,0.6,20,20955
0859,150,5,25,0.4,0.6,20,16285
0860,150,5,25,0.4,1.0,10,11745
0861,150,5,25,0.4,1.0,10,9423
0862,150,5,25,0.4,1.0,10,6354
0863,150,5,25,0.4,1.0,10,26403
0864,150,5,25,0.4,1.0,10,7823
0865,150,5,25,0.4,1.0,20,4224
0866,150,5,25,0.4,1.0,20,17555
0867,150,5,25,0.4,1.0,20,5351
0868,150,5,25,0.4,1.0,20,12458
0869,150,5,25,0.4,1.0,20,4752
0870,150,5,25,0.6,0.2,10,125722
0871,150,5,25,0.6,0.2,10,134141
0872,150,5,25,0.6,0.2,10,146784
0873,150,5,25,0.6,0.2,10,134296
0874,150,5,25,0.6,0.2,10,122069
0875,150,5,25,0.6,0.2,20,140066
0876,150,5,25,0.6,0.2,20,127098
0877,150,5,25,0.6,0.2,20,144931
0878,150,5,25,0.6,0.2,20,112852
0879,150,5,25,0.6,0.2,20,120291
0880,150,5,25,0.6,0.6,10,126016
0881,150,5,25,0.6,0.6,10,108769
0882,150,5,25,0.6,0.6,10,113798
0883,150,5,25,0.6,0.6,10,105546
0884,150,5,25,0.6,0.6,10,143724
0885,150,5,25,0.6,0.6,20,76853
0886,150,5,25,0.6,0.6,20,101840
0887,150,5,25,0.6,0.6,20,59694
0888,150,5,25,0.6,0.6,20,105218
0889,150,5,25,0.6,0.6,20,114214
0890,150,5,25,0.6,1.0,10,88583
0891,150,5,25,0.6,1.0,10,113267
0892,150,5,25,0.6,1.0,10,121379
0893,150,5,25,0.6,1.0,10,114962
0894,150,5,25,0.6,1.0,10,178305
0895,150,5,25,0.6,1.0,20,139442
0896,150,5,25,0.6,1.0,20,85402
0897,150,5,25,0.6,1.0,20,92514
0898,150,5,25,0.6,1.0,20,134653
0899,150,5,25,0.6,1.0,20,79050
0900,150,10,30,0.2,0.2,10,112844
0901,150,10,30,0.2,0.2,10,100899
0902,150,10,30,0.2,0.2,10,86719
0903,150,10,30,0.2,0.2,10,103016
0904,150,10,30,0.2,0.2,10,109720
0905,150,10,30,0.2,0.2,20,69617
0906,150,10,30,0.2,0.2,20,51928
0907,150,10,30,0.2,0.2,20,56754
0908,150,10,30,0.2,0.2,20,48893
0909,150,10,30,0.2,0.2,20,64029
0910,150,10,30,0.2,0.6,10,26326
0911,150,10,30,0.2,0.6,10,17493
0912,150,10,30,0.2,0.6,10,29029
0913,150,10,30,0.2,0.6,10,21794
0914,150,10,30,0.2,0.6,10,34793
0915,150,10,30,0.2,0.6,20,12722
0916,150,10,30,0.2,0.6,20,9482
0917,150,10,30,0.2,0.6,20,3877
0918,150,10,30,0.2,0.6,20,3392
0919,150,10,30,0.2,0.6,20,9637
0920,150,10,30,0.2,1.0,10,38
0921,150,10,30,0.2,1.0,10,7
0922,150,10,30,0.2,1.0,10,0
0923,150,10,30,0.2,1.0,10,242
0924,150,10,30,0.2,1.0,10,283
0925,150,10,30,0.2,1.0,20,65
0926,150,10,30,0.2,1.0,20,0
0927,150,10,30,0.2,1.0,20,22
0928,150,10,30,0.2,1.0,20,0
0929,150,10,30,0.2,1.0,20,0
0930,150,10,30,0.4,0.2,10,137860
0931,150,10,30,0.4,0.2,10,136195
0932,150,10,30,0.4,0.2,10,144378
0933,150,10,30,0.4,0.2,10,137883
0934,150,10,30,0.4,0.2,10,137249
0935,150,10,30,0.4,0.2,20,110899
0936,150,10,30,0.4,0.2,20,85075
0937,150,10,30,0.4,0.2,20,113796
0938,150,10,30,0.4,0.2,20,122799
0939,150,10,30,0.4,0.2,20,108415
0940,150,10,30,0.4,0.6,10,89640
0941,150,10,30,0.4,0.6,10,46373
0942,150,10,30,0.4,0.6,10,52614
0943,150,10,30,0.4,0.6,10,92956
0944,150,10,30,0.4,0.6,10,69545
0945,150,10,30,0.4,0.6,20,43649
0946,150,10,30,0.4,0.6,20,48908
0947,150,10,30,0.4,0.6,20,50453
0948,150,10,30,0.4,0.6,20,38411
0949,150,10,30,0.4,0.6,20,28086
0950,150,10,30,0.4,1.0,10,22800
0951,150,10,30,0.4,1.0,10,59489
0952,150,10,30,0.4,1.0,10,43287
0953,150,10,30,0.4,1.0,10,48219
0954,150,10,30,0.4,1.0,10,26413
0955,150,10,30,0.4,1.0,20,56949
0956,150,10,30,0.4,1.0,20,56176
0957,150,10,30,0.4,1.0,20,50594
0958,150,10,30,0.4,1.0,20,48432
0959,150,10,30,0.4,1.0,20,29616
0960,150,10,30,0.6,0.2,10,282977
0961,150,10,30,0.6,0.2,10,262864
0962,150,10,30,0.6,0.2,10,306660
0963,150,10,30,0.6,0.2,10,262351
0964,150,10,30,0.6,0.2,10,304524
0965,150,10,30,0.6,0.2,20,312976
0966,150,10,30,0.6,0.2,20,292508
0967,150,10,30,0.6,0.2,20,269522
0968,150,10,30,0.6,0.2,20,225712
0969,150,10,30,0.6,0.2,20,261533
0970,150,10,30,0.6,0.6,10,204910
0971,150,10,30,0.6,0.6,10,324170
0972,150,10,30,0.6,0.6,10,273205
0973,150,10,30,0.6,0.6,10,327026
0974,150,10,30,0.6,0.6,10,246542
0975,150,10,30,0.6,0.6,20,322872
0976,150,10,30,0.6,0.6,20,222146
0977,150,10,30,0.6,0.6,20,255010
0978,150,10,30,0.6,0.6,20,226144
0979,150,10,30,0.6,0.6,20,265132
0980,150,10,30,0.6,1.0,10,259416
0981,150,10,30,0.6,1.0,10,277383
0982,150,10,30,0.6,1.0,10,273034
0983,150,10,30,0.6,1.0,10,337419
0984,150,10,30,0.6,1.0,10,251939
0985,150,10,30,0.6,1.0,20,276674
0986,150,10,30,0.6,1.0,20,200383
0987,150,10,30,0.6,1.0,20,268130
0988,150,10,30,0.6,1.0,20,277301
0989,150,10,30,0.6,1.0,20,263765
0990,150,10,50,0.2,0.2,10,61773
0991,150,10,50,0.2,0.2,10,59855
0992,150,10,50,0.2,0.2,10,78760
0993,150,10,50,0.2,0.2,10,59309
0994,150,10,50,0.2,0.2,10,51933
0995,150,10,50,0.2,0.2,20,54025
0996,150,10,50,0.2,0.2,20,35626
0997,150,10,50,0.2,0.2,20,41275
0998,150,10,50,0.2,0.2,20,35825
0999,150,10,50,0.2,0.2,20,31925
1000,150,10,50,0.2,0.6,10,10607
1001,150,10,50,0.2,0.6,10,12516
1002,150,10,50,0.2,0.6,10,13870
1003,150,10,50,0.2,0.6,10,13842
1004,150,10,50,0.2,0.6,10,20690
1005,150,10,50,0.2,0.6,20,4250
1006,150,10,50,0.2,0.6,20,5330
1007,150,10,50,0.2,0.6,20,6060
1008,150,10,50,0.2,0.6,20,10022
1009,150,10,50,0.2,0.6,20,6109
1010,150,10,50,0.2,1.0,10,342
1011,150,10,50,0.2,1.0,10,1937
1012,150,10,50,0.2,1.0,10,2804
1013,150,10,50,0.2,1.0,10,24
1014,150,10,50,0.2,1.0,10,7289
1015,150,10,50,0.2,1.0,20,129
1016,150,10,50,0.2,1.0,20,0
1017,150,10,50,0.2,1.0,20,0
1018,150,10,50,0.2,1.0,20,523
1019,150,10,50,0.2,1.0,20,0
1020,150,10,50,0.4,0.2,10,99235
1021,150,10,50,0.4,0.2,10,103537
1022,150,10,50,0.4,0.2,10,129505
1023,150,10,50,0.4,0.2,10,99982
1024,150,10,50,0.4,0.2,10,99404
1025,150,10,50,0.4,0.2,20,94544
1026,150,10,50,0.4,0.2,20,73863
1027,150,10,50,0.4,0.2,20,84189
1028,150,10,50,0.4,0.2,20,91660
1029,150,10,50,0.4,0.2,20,66100
1030,150,10,50,0.4,0.6,10,92873
1031,150,10,50,0.4,0.6,10,69749
1032,150,10,50,0.4,0.6,10,56193
1033,150,10,50,0.4,0.6,10,43928
1034,150,10,50,0.4,0.6,10,62989
1035,150,10,50,0.4,0.6,20,33500
1036,150,10,50,0.4,0.6,20,39675
1037,150,10,50,0.4,0.6,20,36991
1038,150,10,50,0.4,0.6,20,26523
1039,150,10,50,0.4,0.6,20,50405
1040,150,10,50,0.4,1.0,10,56199
1041,150,10,50,0.4,1.0,10,56020
1042,150,10,50,0.4,1.0,10,46487
1043,150,10,50,0.4,1.0,10,48077
1044,150,10,50,0.4,1.0,10,58089
1045,150,10,50,0.4,1.0,20,46656
1046,150,10,50,0.4,1.0,20,92243
1047,150,10,50,0.4,1.0,20,68429
1048,150,10,50,0.4,1.0,20,50469
1049,150,10,50,0.4,1.0,20,48784
1050,150,10,50,0.6,0.2,10,209076
1051,150,10,50,0.6,0.2,10,228821
1052,150,10,50,0.6,0.2,10,232196
1053,150,10,50,0.6,0.2,10,229784
1054,150,10,50,0.6,0.2,10,210004
1055,150,10,50,0.6,0.2,20,225715
1056,150,10,50,0.6,0.2,20,223790
1057,150,10,50,0.6,0.2,20,215850
1058,150,10,50,0.6,0.2,20,221990
1059,150,10,50,0.6,0.2,20,174853
1060,150,10,50,0.6,0.6,10,239448
1061,150,10,50,0.6,0.6,10,207417
1062,150,10,50,0.6,0.6,10,197708
1063,150,10,50,0.6,0.6,10,281855
1064,150,10,50,0.6,0.6,10,226526
1065,150,10,50,0.6,0.6,20,247078
1066,150,10,50,0.6,0.6,20,180304
1067,150,10,50,0.6,0.6,20,221671
1068,150,10,50,0.6,0.6,20,211109
1069,150,10,50,0.6,0.6,20,186229
1070,150,10,50,0.6,1.0,10,189733
1071,150,10,50,0.6,1.0,10,286307
1072,150,10,50,0.6,1.0,10,217813
1073,150,10,50,0.6,1.0,10,207067
1074,150,10,50,0.6,1.0,10,227057
1075,150,10,50,0.6,1.0,20,179345
1076,150,10,50,0.6,1.0,20,223400
1077,150,10,50,0.6,1.0,20,206967
1078,150,10,50,0.6,1.0,20,235544
1079,150,10,50,0.6,1.0,20,216732
1080,200,5,15,0.2,0.2,10,222700
1081,200,5,15,0.2,0.2,10,211870
1082,200,5,15,0.2,0.2,10,230111
1083,200,5,15,0.2,0.2,10,215183
1084,200,5,15,0.2,0.2,10,185620
1085,200,5,15,0.2,0.2,20,223066
1086,200,5,15,0.2,0.2,20,154274
1087,200,5,15,0.2,0.2,20,164871
1088,200,5,15,0.2,0.2,20,127740
1089,200,5,15,0.2,0.2,20,146642
1090,200,5,15,0.2,0.6,10,65948
1091,200,5,15,0.2,0.6,10,60042
1092,200,5,15,0.2,0.6,10,53305
1093,200,5,15,0.2,0.6,10,60300
1094,200,5,15,0.2,0.6,10,48689
1095,200,5,15,0.2,0.6,20,33669
1096,200,5,15,0.2,0.6,20,12410
1097,200,5,15,0.2,0.6,20,31687
1098,200,5,15,0.2,0.6,20,35445
1099,200,5,15,0.2,0.6,20,36759
1100,200,5,15,0.2,1.0,10,404
1101,200,5,15,0.2,1.0,10,0
1102,200,5,15,0.2,1.0,10,344
1103,200,5,15,0.2,1.0,10,0
1104,200,5,15,0.2,1.0,10,0
1105,200,5,15,0.2,1.0,20,0
1106,200,5,15,0.2,1.0,20,92
1107,200,5,15,0.2,1.0,20,77
1108,200,5,15,0.2,1.0,20,0
1109,200,5,15,0.2,1.0,20,0
1110,200,5,15,0.4,0.2,10,240380
1111,200,5,15,0.4,0.2,10,213088
1112,200,5,15,0.4,0.2,10,241469
1113,200,5,15,0.4,0.2,10,216023
1114,200,5,15,0.4,0.2,10,204956
1115,200,5,15,0.4,0.2,20,134740
1116,200,5,15,0.4,0.2,20,168601
1117,200,5,15,0.4,0.2,20,162391
1118,200,5,15,0.4,0.2,20,111654
1119,200,5,15,0.4,0.2,20,157509
1120,200,5,15,0.4,0.6,10,79452
1121,200,5,15,0.4,0.6,10,74336
1122,200,5,15,0.4,0.6,10,60980
1123,200,5,15,0.4,0.6,10,94023
1124,200,5,15,0.4,0.6,10,67687
1125,200,5,15,0.4,0.6,20,46534
1126,200,5,15,0.4,0.6,20,48331
1127,200,5,15,0.4,0.6,20,43776
1128,200,5,15,0.4,0.6,20,38398
1129,200,5,15,0.4,0.6,20,55553
1130,200,5,15,0.4,1.0,10,2293
1131,200,5,15,0.4,1.0,10,7818
1132,200,5,15,0.4,1.0,10,4355
1133,200,5,15,0.4,1.0,10,2653
1134,200,5,15,0.4,1.0,10,143
1135,200,5,15,0.4,1.0,20,384
1136,200,5,15,0.4,1.0,20,218
1137,200,5,15,0.4,1.0,20,422
1138,200,5,15,0.4,1.0,20,5857
1139,200,5,15,0.4,1.0,20,0
1140,200,5,15,0.6,0.2,10,364065
1141,200,5,15,0.6,0.2,10,320573
1142,200,5,15,0.6,0.2,10,308517
1143,200,5,15,0.6,0.2,10,370502
1144,200,5,15,0.6,0.2,10,319737
1145,200,5,15,0.6,0.2,20,311699
1146,200,5,15,0.6,0.2,20,290233
1147,200,5,15,0.6,0.2,20,315666
1148,200,5,15,0.6,0.2,20,304180
1149,200,5,15,0.6,0.2,20,231135
1150,200,5,15,0.6,0.6,10,207873
1151,200,5,15,0.6,0.6,10,258868
1152,200,5,15,0.6,0.6,10,192169
1153,200,5,15,0.6,0.6,10,205490
1154,200,5,15,0.6,0.6,10,188730
1155,200,5,15,0.6,0.6,20,155443
1156,200,5,15,0.6,0.6,20,137543
1157,200,5,15,0.6,0.6,20,153629
1158,200,5,15,0.6,0.6,20,168318
1159,200,5,15,0.6,0.6,20,181505
1160,200,5,15,0.6,1.0,10,221689
1161,200,5,15,0.6,1.0,10,138392
1162,200,5,15,0.6,1.0,10,185805
1163,200,5,15,0.6,1.0,10,261472
1164,200,5,15,0.6,1.0,10,205228
1165,200,5,15,0.6,1.0,20,291698
1166,200,5,15,0.6,1.0,20,196967
1167,200,5,15,0.6,1.0,20,266143
1168,200,5,15,0.6,1.0,20,106889
1169,200,5,15,0.6,1.0,20,212778
1170,200,5,25,0.2,0.2,10,143034
1171,200,5,25,0.2,0.2,10,127388
1172,200,5,25,0.2,0.2,10,158260
1173,200,5,25,0.2,0.2,10,148411
1174,200,5,25,0.2,0.2,10,174110
1175,200,5,25,0.2,0.2,20,113268
1176,200,5,25,0.2,0.2,20,108642
1177,200,5,25,0.2,0.2,20,141939
1178,200,5,25,0.2,0.2,20,137538
1179,200,5,25,0.2,0.2,20,121593
1180,200,5,25,0.2,0.6,10,51436
1181,200,5,25,0.2,0.6,10,38210
1182,200,5,25,0.2,0.6,10,43174
1183,200,5,25,0.2,0.6,10,46004
1184,200,5,25,0.2,0.6,10,40231
1185,200,5,25,0.2,0.6,20,25325
1186,200,5,25,0.2,0.6,20,12617
1187,200,5,25,0.2,0.6,20,25406
1188,200,5,25,0.2,0.6,20,25994
1189,200,5,25,0.2,0.6,20,10320
1190,200,5,25,0.2,1.0,10,240
1191,200,5,25,0.2,1.0,10,69
1192,200,5,25,0.2,1.0,10,77
1193,200,5,25,0.2,1.0,10,283
1194,200,5,25,0.2,1.0,10,123
1195,200,5,25,0.2,1.0,20,0
1196,200,5,25,0.2,1.0,20,0
1197,200,5,25,0.2,1.0,20,249
1198,200,5,25,0.2,1.0,20,0
1199,200,5,25,0.2,1.0,20,0
1200,200,5,25,0.4,0.2,10,120013
1201,200,5,25,0.4,0.2,10,137659
1202,200,5,25,0.4,0.2,10,137393
1203,200,5,25,0.4,0.2,10,130342
1204,200,5,25,0.4,0.2,10,139190
1205,200,5,25,0.4,0.2,20,108530
1206,200,5,25,0.4,0.2,20,107286
1207,200,5,25,0.4,0.2,20,93941
1208,200,5,25,0.4,0.2,20,117855
1209,200,5,25,0.4,0.2,20,94116
1210,200,5,25,0.4,0.6,10,54096
1211,200,5,25,0.4,0.6,10,48401
1212,200,5,25,0.4,0.6,10,42887
1213,200,5,25,0.4,0.6,10,35122
1214,200,5,25,0.4,0.6,10,67011
1215,200,5,25,0.4,0.6,20,28356
1216,200,5,25,0.4,0.6,20,35558
1217,200,5,25,0.4,0.6,20,26854
1218,200,5,25,0.4,0.6,20,37893
1219,200,5,25,0.4,0.6,20,26347
1220,200,5,25,0.4,1.0,10,31794
1221,200,5,25,0.4,1.0,10,11855
1222,200,5,25,0.4,1.0,10,11564
1223,200,5,25,0.4,1.0,10,6335
1224,200,5,25,0.4,1.0,10,16161
1225,200,5,25,0.4,1.0,20,21583
1226,200,5,25,0.4,1.0,20,507
1227,200,5,25,0.4,1.0,20,1258
1228,200,5,25,0.4,1.0,20,3046
1229,200,5,25,0.4,1.0,20,1101
1230,200,5,25,0.6,0.2,10,208570
1231,200,5,25,0.6,0.2,10,202263
1232,200,5,25,0.6,0.2,10,249389
1233,200,5,25,0.6,0.2,10,237809
1234,200,5,25,0.6,0.2,10,209761
1235,200,5,25,0.6,0.2,20,205378
1236,200,5,25,0.6,0.2,20,183733
1237,200,5,25,0.6,0.2,20,215633
1238,200,5,25,0.6,0.2,20,195614
1239,200,5,25,0.6,0.2,20,204619
1240,200,5,25,0.6,0.6,10,148434
1241,200,5,25,0.6,0.6,10,189635
1242,200,5,25,0.6,0.6,10,188415
1243,200,5,25,0.6,0.6,10,185366
1244,200,5,25,0.6,0.6,10,140534
1245,200,5,25,0.6,0.6,20,136775
1246,200,5,25,0.6,0.6,20,127137
1247,200,5,25,0.6,0.6,20,122052
1248,200,5,25,0.6,0.6,20,110859
1249,200,5,25,0.6,0.6,20,163156
1250,200,5,25,0.6,1.0,10,126326
1251,200,5,25,0.6,1.0,10,227892
1252,200,5,25,0.6,1.0,10,230913
1253,200,5,25,0.6,1.0,10,174409
1254,200,5,25,0.6,1.0,10,174735
1255,200,5,25,0.6,1.0,20,151466
1256,200,5,25,0.6,1.0,20,180830
1257,200,5,25,0.6,1.0,20,175905
1258,200,5,25,0.6,1.0,20,149037
1259,200,5,25,0.6,1.0,20,169114
1260,200,10,30,0.2,0.2,10,263277
1261,200,10,30,0.2,0.2,10,164690
1262,200,10,30,0.2,0.2,10,225643
1263,200,10,30,0.2,0.2,10,213234
1264,200,10,30,0.2,0.2,10,272969
1265,200,10,30,0.2,0.2,20,169530
1266,200,10,30,0.2,0.2,20,177941
1267,200,10,30,0.2,0.2,20,161899
1268,200,10,30,0.2,0.2,20,134782
1269,200,10,30,0.2,0.2,20,153857
1270,200,10,30,0.2,0.6,10,55558
1271,200,10,30,0.2,0.6,10,54096
1272,200,10,30,0.2,0.6,10,59050
1273,200,10,30,0.2,0.6,10,62357
1274,200,10,30,0.2,0.6,10,38026
1275,200,10,30,0.2,0.6,20,58432
1276,200,10,30,0.2,0.6,20,34340
1277,200,10,30,0.2,0.6,20,35188
1278,200,10,30,0.2,0.6,20,33533
1279,200,10,30,0.2,0.6,20,15657
1280,200,10,30,0.2,1.0,10,34
1281,200,10,30,0.2,1.0,10,311
1282,200,10,30,0.2,1.0,10,33
1283,200,10,30,0.2,1.0,10,0
1284,200,10,30,0.2,1.0,10,125
1285,200,10,30,0.2,1.0,20,0
1286,200,10,30,0.2,1.0,20,0
1287,200,10,30,0.2,1.0,20,0
1288,200,10,30,0.2,1.0,20,14
1289,200,10,30,0.2,1.0,20,0
1290,200,10,30,0.4,0.2,10,241906
1291,200,10,30,0.4,0.2,10,230463
1292,200,10,30,0.4,0.2,10,219290
1293,200,10,30,0.4,0.2,10,283844
1294,200,10,30,0.4,0.2,10,244714
1295,200,10,30,0.4,0.2,20,213018
1296,200,10,30,0.4,0.2,20,160837
1297,200,10,30,0.4,0.2,20,201194
1298,200,10,30,0.4,0.2,20,211608
1299,200,10,30,0.4,0.2,20,181107
1300,200,10,30,0.4,0.6,10,89279
1301,200,10,30,0.4,0.6,10,82708
1302,200,10,30,0.4,0.6,10,113323
1303,200,10,30,0.4,0.6,10,138730
1304,200,10,30,0.4,0.6,10,74270
1305,200,10,30,0.4,0.6,20,39050
1306,200,10,30,0.4,0.6,20,76668
1307,200,10,30,0.4,0.6,20,67128
1308,200,10,30,0.4,0.6,20,57582
1309,200,10,30,0.4,0.6,20,51380
1310,200,10,30,0.4,1.0,10,59840
1311,200,10,30,0.4,1.0,10,45379
1312,200,10,30,0.4,1.0,10,76974
1313,200,10,30,0.4,1.0,10,30461
1314,200,10,30,0.4,1.0,10,107261
1315,200,10,30,0.4,1.0,20,18822
1316,200,10,30,0.4,1.0,20,4019
1317,200,10,30,0.4,1.0,20,14811
1318,200,10,30,0.4,1.0,20,19248
1319,200,10,30,0.4,1.0,20,19485
1320,200,10,30,0.6,0.2,10,481326
1321,200,10,30,0.6,0.2,10,494845
1322,200,10,30,0.6,0.2,10,548749
1323,200,10,30,0.6,0.2,10,546211
1324,200,10,30,0.6,0.2,10,471058
1325,200,10,30,0.6,0.2,20,371463
1326,200,10,30,0.6,0.2,20,429942
1327,200,10,30,0.6,0.2,20,440280
1328,200,10,30,0.6,0.2,20,418019
1329,200,10,30,0.6,0.2,20,506959
1330,200,10,30,0.6,0.6,10,343646
1331,200,10,30,0.6,0.6,10,402983
1332,200,10,30,0.6,0.6,10,414639
1333,200,10,30,0.6,0.6,10,418764
1334,200,10,30,0.6,0.6,10,432510
1335,200,10,30,0.6,0.6,20,327558
1336,200,10,30,0.6,0.6,20,319906
1337,200,10,30,0.6,0.6,20,401773
1338,200,10,30,0.6,0.6,20,291021
1339,200,10,30,0.6,0.6,20,396709
1340,200,10,30,0.6,1.0,10,379249
1341,200,10,30,0.6,1.0,10,377621
1342,200,10,30,0.6,1.0,10,380329
1343,200,10,30,0.6,1.0,10,365511
1344,200,10,30,0.6,1.0,10,354563
1345,200,10,30,0.6,1.0,20,354645
1346,200,10,30,0.6,1.0,20,353019
1347,200,10,30,0.6,1.0,20,273963
1348,200,10,30,0.6,1.0,20,418360
1349,200,10,30,0.6,1.0,20,436483
1350,200,10,50,0.2,0.2,10,126337
1351,200,10,50,0.2,0.2,10,93401
1352,200,10,50,0.2,0.2,10,145992
1353,200,10,50,0.2,0.2,10,122547
1354,200,10,50,0.2,0.2,10,144815
1355,200,10,50,0.2,0.2,20,70760
1356,200,10,50,0.2,0.2,20,84583
1357,200,10,50,0.2,0.2,20,105815
1358,200,10,50,0.2,0.2,20,88726
1359,200,10,50,0.2,0.2,20,125819
1360,200,10,50,0.2,0.6,10,35302
1361,200,10,50,0.2,0.6,10,49430
1362,200,10,50,0.2,0.6,10,33252
1363,200,10,50,0.2,0.6,10,37519
1364,200,10,50,0.2,0.6,10,33973
1365,200,10,50,0.2,0.6,20,17448
1366,200,10,50,0.2,0.6,20,19942
1367,200,10,50,0.2,0.6,20,15556
1368,200,10,50,0.2,0.6,20,20501
1369,200,10,50,0.2,0.6,20,7780
1370,200,10,50,0.2,1.0,10,356
1371,200,10,50,0.2,1.0,10,1288
1372,200,10,50,0.2,1.0,10,27
1373,200,10,50,0.2,1.0,10,6
1374,200,10,50,0.2,1.0,10,1799
1375,200,10,50,0.2,1.0,20,0
1376,200,10,50,0.2,1.0,20,2
1377,200,10,50,0.2,1.0,20,0
1378,200,10,50,0.2,1.0,20,0
1379,200,10,50,0.2,1.0,20,63
1380,200,10,50,0.4,0.2,10,195377
1381,200,10,50,0.4,0.2,10,173240
1382,200,10,50,0.4,0.2,10,185966
1383,200,10,50,0.4,0.2,10,186364
1384,200,10,50,0.4,0.2,10,167821
1385,200,10,50,0.4,0.2,20,129954
1386,200,10,50,0.4,0.2,20,137112
1387,200,10,50,0.4,0.2,20,150927
1388,200,10,50,0.4,0.2,20,168180
1389,200,10,50,0.4,0.2,20,157187
1390,200,10,50,0.4,0.6,10,81906
1391,200,10,50,0.4,0.6,10,87689
1392,200,10,50,0.4,0.6,10,111013
1393,200,10,50,0.4,0.6,10,64352
1394,200,10,50,0.4,0.6,10,78013
1395,200,10,50,0.4,0.6,20,43266
1396,200,10,50,0.4,0.6,20,59477
1397,200,10,50,0.4,0.6,20,72355
1398,200,10,50,0.4,0.6,20,35156
1399,200,10,50,0.4,0.6,20,55620
1400,200,10,50,0.4,1.0,10,39690
1401,200,10,50,0.4,1.0,10,76591
1402,200,10,50,0.4,1.0,10,86685
1403,200,10,50,0.4,1.0,10,72398
1404,200,10,50,0.4,1.0,10,78393
1405,200,10,50,0.4,1.0,20,47249
1406,200,10,50,0.4,1.0,20,46375
1407,200,10,50,0.4,1.0,20,43276
1408,200,10,50,0.4,1.0,20,53738
1409,200,10,50,0.4,1.0,20,46646
1410,200,10,50,0.6,0.2,10,368774
1411,200,10,50,0.6,0.2,10,336727
1412,200,10,50,0.6,0.2,10,351244
1413,200,10,50,0.6,0.2,10,310846
1414,200,10,50,0.6,0.2,10,331506
1415,200,10,50,0.6,0.2,20,296702
1416,200,10,50,0.6,0.2,20,333964
1417,200,10,50,0.6,0.2,20,315172
1418,200,10,50,0.6,0.2,20,317056
1419,200,10,50,0.6,0.2,20,347561
1420,200,10,50,0.6,0.6,10,320850
1421,200,10,50,0.6,0.6,10,372465
1422,200,10,50,0.6,0.6,10,372666
1423,200,10,50,0.6,0.6,10,350364
1424,200,10,50,0.6,0.6,10,337486
1425,200,10,50,0.6,0.6,20,288099
1426,200,10,50,0.6,0.6,20,295584
1427,200,10,50,0.6,0.6,20,302490
1428,200,10,50,0.6,0.6,20,303866
1429,200,10,50,0.6,0.6,20,309023
1430,200,10,50,0.6,1.0,10,336525
1431,200,10,50,0.6,1.0,10,317368
1432,200,10,50,0.6,1.0,10,326511
1433,200,10,50,0.6,1.0,10,358376
1434,200,10,50,0.6,1.0,10,441879
1435,200,10,50,0.6,1.0,20,317881
1436,200,10,50,0.6,1.0,20,317549
1437,200,10,50,0.6,1.0,20,272110
1438,200,10,50,0.6,1.0,20,352747
1439,200,10,50,0.6,1.0,20,320707
